Created by PLY version 3.11 (http://www.dabeaz.com/ply)

Grammar

Rule 0     S' -> program
Rule 1     program -> segment_list
Rule 2     segment_list -> segment_list segment
Rule 3     segment_list -> segment
Rule 4     segment -> PHP_OPEN statement_list PHP_CLOSE
Rule 5     segment -> PHP_OPEN statement_list
Rule 6     segment -> statement_list PHP_CLOSE
Rule 7     segment -> statement_list
Rule 8     statement_list -> statement_list statement
Rule 9     statement_list -> statement
Rule 10    statement -> expression SEMICOLON
Rule 11    statement -> if_statement
Rule 12    statement -> for_statement
Rule 13    statement -> while_statement
Rule 14    statement -> function_declaration
Rule 15    statement -> echo_statement
Rule 16    statement -> print_statement
Rule 17    statement -> block
Rule 18    statement -> RETURN expression SEMICOLON
Rule 19    block -> LBLOCK statement_list RBLOCK
Rule 20    if_statement -> IF LPAREN expression RPAREN statement
Rule 21    if_statement -> IF LPAREN expression RPAREN statement ELSE statement
Rule 22    for_statement -> FOR LPAREN expression SEMICOLON expression SEMICOLON expression RPAREN statement
Rule 23    while_statement -> WHILE LPAREN expression RPAREN statement
Rule 24    echo_statement -> ECHO expression SEMICOLON
Rule 25    print_statement -> PRINT expression SEMICOLON
Rule 26    function_declaration -> FUNCTION ID LPAREN parameter_list RPAREN block
Rule 27    parameter_list -> parameter_list COMMA VARIABLE
Rule 28    parameter_list -> VARIABLE
Rule 29    parameter_list -> empty
Rule 30    expression -> ID LPAREN argument_list RPAREN
Rule 31    expression -> VARIABLE LPAREN argument_list RPAREN
Rule 32    argument_list -> argument_list COMMA expression
Rule 33    argument_list -> expression
Rule 34    argument_list -> empty
Rule 35    expression -> expression PLUS expression
Rule 36    expression -> expression MINUS expression
Rule 37    expression -> expression TIMES expression
Rule 38    expression -> expression DIVIDE expression
Rule 39    expression -> expression MODULE expression
Rule 40    expression -> expression DOT expression
Rule 41    expression -> expression ISEQUAL expression
Rule 42    expression -> expression NOTISEQUAL expression
Rule 43    expression -> expression GREATERTHAN expression
Rule 44    expression -> expression LESSTHAN expression
Rule 45    expression -> expression GREATERTHANEQUAL expression
Rule 46    expression -> expression LESSEQUAL expression
Rule 47    expression -> expression AND expression
Rule 48    expression -> expression OR expression
Rule 49    expression -> MINUS expression
Rule 50    expression -> VARIABLE INCREMENT
Rule 51    expression -> VARIABLE DECREMENT
Rule 52    expression -> INCREMENT VARIABLE
Rule 53    expression -> DECREMENT VARIABLE
Rule 54    expression -> LPAREN expression RPAREN
Rule 55    expression -> NUMBER
Rule 56    expression -> VARIABLE
Rule 57    expression -> STRING
Rule 58    expression -> BOOLEAN
Rule 59    expression -> VARIABLE EQUAL expression
Rule 60    empty -> <empty>

Terminals, with rules where they appear

AND                  : 47
BOOLEAN              : 58
COMMA                : 27 32
DECREMENT            : 51 53
DIVIDE               : 38
DOT                  : 40
ECHO                 : 24
ELSE                 : 21
EQUAL                : 59
FOR                  : 22
FUNCTION             : 26
GREATERTHAN          : 43
GREATERTHANEQUAL     : 45
ID                   : 26 30
IF                   : 20 21
INCREMENT            : 50 52
ISEQUAL              : 41
LBLOCK               : 19
LESSEQUAL            : 46
LESSTHAN             : 44
LPAREN               : 20 21 22 23 26 30 31 54
MINUS                : 36 49
MODULE               : 39
NOTISEQUAL           : 42
NUMBER               : 55
OR                   : 48
PHP_CLOSE            : 4 6
PHP_OPEN             : 4 5
PLUS                 : 35
PRINT                : 25
RBLOCK               : 19
RETURN               : 18
RPAREN               : 20 21 22 23 26 30 31 54
SEMICOLON            : 10 18 22 22 24 25
STRING               : 57
TIMES                : 37
VARIABLE             : 27 28 31 50 51 52 53 56 59
WHILE                : 23
error                : 

Nonterminals, with rules where they appear

argument_list        : 30 31 32
block                : 17 26
echo_statement       : 15
empty                : 29 34
expression           : 10 18 20 21 22 22 22 23 24 25 32 33 35 35 36 36 37 37 38 38 39 39 40 40 41 41 42 42 43 43 44 44 45 45 46 46 47 47 48 48 49 54 59
for_statement        : 12
function_declaration : 14
if_statement         : 11
parameter_list       : 26 27
print_statement      : 16
program              : 0
segment              : 2 3
segment_list         : 1 2
statement            : 8 9 20 21 21 22 23
statement_list       : 4 5 6 7 8 19
while_statement      : 13

Parsing method: LALR

state 0

    (0) S' -> . program
    (1) program -> . segment_list
    (2) segment_list -> . segment_list segment
    (3) segment_list -> . segment
    (4) segment -> . PHP_OPEN statement_list PHP_CLOSE
    (5) segment -> . PHP_OPEN statement_list
    (6) segment -> . statement_list PHP_CLOSE
    (7) segment -> . statement_list
    (8) statement_list -> . statement_list statement
    (9) statement_list -> . statement
    (10) statement -> . expression SEMICOLON
    (11) statement -> . if_statement
    (12) statement -> . for_statement
    (13) statement -> . while_statement
    (14) statement -> . function_declaration
    (15) statement -> . echo_statement
    (16) statement -> . print_statement
    (17) statement -> . block
    (18) statement -> . RETURN expression SEMICOLON
    (30) expression -> . ID LPAREN argument_list RPAREN
    (31) expression -> . VARIABLE LPAREN argument_list RPAREN
    (35) expression -> . expression PLUS expression
    (36) expression -> . expression MINUS expression
    (37) expression -> . expression TIMES expression
    (38) expression -> . expression DIVIDE expression
    (39) expression -> . expression MODULE expression
    (40) expression -> . expression DOT expression
    (41) expression -> . expression ISEQUAL expression
    (42) expression -> . expression NOTISEQUAL expression
    (43) expression -> . expression GREATERTHAN expression
    (44) expression -> . expression LESSTHAN expression
    (45) expression -> . expression GREATERTHANEQUAL expression
    (46) expression -> . expression LESSEQUAL expression
    (47) expression -> . expression AND expression
    (48) expression -> . expression OR expression
    (49) expression -> . MINUS expression
    (50) expression -> . VARIABLE INCREMENT
    (51) expression -> . VARIABLE DECREMENT
    (52) expression -> . INCREMENT VARIABLE
    (53) expression -> . DECREMENT VARIABLE
    (54) expression -> . LPAREN expression RPAREN
    (55) expression -> . NUMBER
    (56) expression -> . VARIABLE
    (57) expression -> . STRING
    (58) expression -> . BOOLEAN
    (59) expression -> . VARIABLE EQUAL expression
    (20) if_statement -> . IF LPAREN expression RPAREN statement
    (21) if_statement -> . IF LPAREN expression RPAREN statement ELSE statement
    (22) for_statement -> . FOR LPAREN expression SEMICOLON expression SEMICOLON expression RPAREN statement
    (23) while_statement -> . WHILE LPAREN expression RPAREN statement
    (26) function_declaration -> . FUNCTION ID LPAREN parameter_list RPAREN block
    (24) echo_statement -> . ECHO expression SEMICOLON
    (25) print_statement -> . PRINT expression SEMICOLON
    (19) block -> . LBLOCK statement_list RBLOCK

    PHP_OPEN        shift and go to state 4
    RETURN          shift and go to state 15
    ID              shift and go to state 16
    VARIABLE        shift and go to state 18
    MINUS           shift and go to state 19
    INCREMENT       shift and go to state 20
    DECREMENT       shift and go to state 21
    LPAREN          shift and go to state 17
    NUMBER          shift and go to state 22
    STRING          shift and go to state 23
    BOOLEAN         shift and go to state 24
    IF              shift and go to state 25
    FOR             shift and go to state 26
    WHILE           shift and go to state 27
    FUNCTION        shift and go to state 28
    ECHO            shift and go to state 29
    PRINT           shift and go to state 30
    LBLOCK          shift and go to state 31

    program                        shift and go to state 1
    segment_list                   shift and go to state 2
    segment                        shift and go to state 3
    statement_list                 shift and go to state 5
    statement                      shift and go to state 6
    expression                     shift and go to state 7
    if_statement                   shift and go to state 8
    for_statement                  shift and go to state 9
    while_statement                shift and go to state 10
    function_declaration           shift and go to state 11
    echo_statement                 shift and go to state 12
    print_statement                shift and go to state 13
    block                          shift and go to state 14

state 1

    (0) S' -> program .



state 2

    (1) program -> segment_list .
    (2) segment_list -> segment_list . segment
    (4) segment -> . PHP_OPEN statement_list PHP_CLOSE
    (5) segment -> . PHP_OPEN statement_list
    (6) segment -> . statement_list PHP_CLOSE
    (7) segment -> . statement_list
    (8) statement_list -> . statement_list statement
    (9) statement_list -> . statement
    (10) statement -> . expression SEMICOLON
    (11) statement -> . if_statement
    (12) statement -> . for_statement
    (13) statement -> . while_statement
    (14) statement -> . function_declaration
    (15) statement -> . echo_statement
    (16) statement -> . print_statement
    (17) statement -> . block
    (18) statement -> . RETURN expression SEMICOLON
    (30) expression -> . ID LPAREN argument_list RPAREN
    (31) expression -> . VARIABLE LPAREN argument_list RPAREN
    (35) expression -> . expression PLUS expression
    (36) expression -> . expression MINUS expression
    (37) expression -> . expression TIMES expression
    (38) expression -> . expression DIVIDE expression
    (39) expression -> . expression MODULE expression
    (40) expression -> . expression DOT expression
    (41) expression -> . expression ISEQUAL expression
    (42) expression -> . expression NOTISEQUAL expression
    (43) expression -> . expression GREATERTHAN expression
    (44) expression -> . expression LESSTHAN expression
    (45) expression -> . expression GREATERTHANEQUAL expression
    (46) expression -> . expression LESSEQUAL expression
    (47) expression -> . expression AND expression
    (48) expression -> . expression OR expression
    (49) expression -> . MINUS expression
    (50) expression -> . VARIABLE INCREMENT
    (51) expression -> . VARIABLE DECREMENT
    (52) expression -> . INCREMENT VARIABLE
    (53) expression -> . DECREMENT VARIABLE
    (54) expression -> . LPAREN expression RPAREN
    (55) expression -> . NUMBER
    (56) expression -> . VARIABLE
    (57) expression -> . STRING
    (58) expression -> . BOOLEAN
    (59) expression -> . VARIABLE EQUAL expression
    (20) if_statement -> . IF LPAREN expression RPAREN statement
    (21) if_statement -> . IF LPAREN expression RPAREN statement ELSE statement
    (22) for_statement -> . FOR LPAREN expression SEMICOLON expression SEMICOLON expression RPAREN statement
    (23) while_statement -> . WHILE LPAREN expression RPAREN statement
    (26) function_declaration -> . FUNCTION ID LPAREN parameter_list RPAREN block
    (24) echo_statement -> . ECHO expression SEMICOLON
    (25) print_statement -> . PRINT expression SEMICOLON
    (19) block -> . LBLOCK statement_list RBLOCK

    $end            reduce using rule 1 (program -> segment_list .)
    PHP_OPEN        shift and go to state 4
    RETURN          shift and go to state 15
    ID              shift and go to state 16
    VARIABLE        shift and go to state 18
    MINUS           shift and go to state 19
    INCREMENT       shift and go to state 20
    DECREMENT       shift and go to state 21
    LPAREN          shift and go to state 17
    NUMBER          shift and go to state 22
    STRING          shift and go to state 23
    BOOLEAN         shift and go to state 24
    IF              shift and go to state 25
    FOR             shift and go to state 26
    WHILE           shift and go to state 27
    FUNCTION        shift and go to state 28
    ECHO            shift and go to state 29
    PRINT           shift and go to state 30
    LBLOCK          shift and go to state 31

    segment                        shift and go to state 32
    statement_list                 shift and go to state 5
    statement                      shift and go to state 6
    expression                     shift and go to state 7
    if_statement                   shift and go to state 8
    for_statement                  shift and go to state 9
    while_statement                shift and go to state 10
    function_declaration           shift and go to state 11
    echo_statement                 shift and go to state 12
    print_statement                shift and go to state 13
    block                          shift and go to state 14

state 3

    (3) segment_list -> segment .

    PHP_OPEN        reduce using rule 3 (segment_list -> segment .)
    RETURN          reduce using rule 3 (segment_list -> segment .)
    ID              reduce using rule 3 (segment_list -> segment .)
    VARIABLE        reduce using rule 3 (segment_list -> segment .)
    MINUS           reduce using rule 3 (segment_list -> segment .)
    INCREMENT       reduce using rule 3 (segment_list -> segment .)
    DECREMENT       reduce using rule 3 (segment_list -> segment .)
    LPAREN          reduce using rule 3 (segment_list -> segment .)
    NUMBER          reduce using rule 3 (segment_list -> segment .)
    STRING          reduce using rule 3 (segment_list -> segment .)
    BOOLEAN         reduce using rule 3 (segment_list -> segment .)
    IF              reduce using rule 3 (segment_list -> segment .)
    FOR             reduce using rule 3 (segment_list -> segment .)
    WHILE           reduce using rule 3 (segment_list -> segment .)
    FUNCTION        reduce using rule 3 (segment_list -> segment .)
    ECHO            reduce using rule 3 (segment_list -> segment .)
    PRINT           reduce using rule 3 (segment_list -> segment .)
    LBLOCK          reduce using rule 3 (segment_list -> segment .)
    $end            reduce using rule 3 (segment_list -> segment .)


state 4

    (4) segment -> PHP_OPEN . statement_list PHP_CLOSE
    (5) segment -> PHP_OPEN . statement_list
    (8) statement_list -> . statement_list statement
    (9) statement_list -> . statement
    (10) statement -> . expression SEMICOLON
    (11) statement -> . if_statement
    (12) statement -> . for_statement
    (13) statement -> . while_statement
    (14) statement -> . function_declaration
    (15) statement -> . echo_statement
    (16) statement -> . print_statement
    (17) statement -> . block
    (18) statement -> . RETURN expression SEMICOLON
    (30) expression -> . ID LPAREN argument_list RPAREN
    (31) expression -> . VARIABLE LPAREN argument_list RPAREN
    (35) expression -> . expression PLUS expression
    (36) expression -> . expression MINUS expression
    (37) expression -> . expression TIMES expression
    (38) expression -> . expression DIVIDE expression
    (39) expression -> . expression MODULE expression
    (40) expression -> . expression DOT expression
    (41) expression -> . expression ISEQUAL expression
    (42) expression -> . expression NOTISEQUAL expression
    (43) expression -> . expression GREATERTHAN expression
    (44) expression -> . expression LESSTHAN expression
    (45) expression -> . expression GREATERTHANEQUAL expression
    (46) expression -> . expression LESSEQUAL expression
    (47) expression -> . expression AND expression
    (48) expression -> . expression OR expression
    (49) expression -> . MINUS expression
    (50) expression -> . VARIABLE INCREMENT
    (51) expression -> . VARIABLE DECREMENT
    (52) expression -> . INCREMENT VARIABLE
    (53) expression -> . DECREMENT VARIABLE
    (54) expression -> . LPAREN expression RPAREN
    (55) expression -> . NUMBER
    (56) expression -> . VARIABLE
    (57) expression -> . STRING
    (58) expression -> . BOOLEAN
    (59) expression -> . VARIABLE EQUAL expression
    (20) if_statement -> . IF LPAREN expression RPAREN statement
    (21) if_statement -> . IF LPAREN expression RPAREN statement ELSE statement
    (22) for_statement -> . FOR LPAREN expression SEMICOLON expression SEMICOLON expression RPAREN statement
    (23) while_statement -> . WHILE LPAREN expression RPAREN statement
    (26) function_declaration -> . FUNCTION ID LPAREN parameter_list RPAREN block
    (24) echo_statement -> . ECHO expression SEMICOLON
    (25) print_statement -> . PRINT expression SEMICOLON
    (19) block -> . LBLOCK statement_list RBLOCK

    RETURN          shift and go to state 15
    ID              shift and go to state 16
    VARIABLE        shift and go to state 18
    MINUS           shift and go to state 19
    INCREMENT       shift and go to state 20
    DECREMENT       shift and go to state 21
    LPAREN          shift and go to state 17
    NUMBER          shift and go to state 22
    STRING          shift and go to state 23
    BOOLEAN         shift and go to state 24
    IF              shift and go to state 25
    FOR             shift and go to state 26
    WHILE           shift and go to state 27
    FUNCTION        shift and go to state 28
    ECHO            shift and go to state 29
    PRINT           shift and go to state 30
    LBLOCK          shift and go to state 31

    statement_list                 shift and go to state 33
    statement                      shift and go to state 6
    expression                     shift and go to state 7
    if_statement                   shift and go to state 8
    for_statement                  shift and go to state 9
    while_statement                shift and go to state 10
    function_declaration           shift and go to state 11
    echo_statement                 shift and go to state 12
    print_statement                shift and go to state 13
    block                          shift and go to state 14

state 5

    (6) segment -> statement_list . PHP_CLOSE
    (7) segment -> statement_list .
    (8) statement_list -> statement_list . statement
    (10) statement -> . expression SEMICOLON
    (11) statement -> . if_statement
    (12) statement -> . for_statement
    (13) statement -> . while_statement
    (14) statement -> . function_declaration
    (15) statement -> . echo_statement
    (16) statement -> . print_statement
    (17) statement -> . block
    (18) statement -> . RETURN expression SEMICOLON
    (30) expression -> . ID LPAREN argument_list RPAREN
    (31) expression -> . VARIABLE LPAREN argument_list RPAREN
    (35) expression -> . expression PLUS expression
    (36) expression -> . expression MINUS expression
    (37) expression -> . expression TIMES expression
    (38) expression -> . expression DIVIDE expression
    (39) expression -> . expression MODULE expression
    (40) expression -> . expression DOT expression
    (41) expression -> . expression ISEQUAL expression
    (42) expression -> . expression NOTISEQUAL expression
    (43) expression -> . expression GREATERTHAN expression
    (44) expression -> . expression LESSTHAN expression
    (45) expression -> . expression GREATERTHANEQUAL expression
    (46) expression -> . expression LESSEQUAL expression
    (47) expression -> . expression AND expression
    (48) expression -> . expression OR expression
    (49) expression -> . MINUS expression
    (50) expression -> . VARIABLE INCREMENT
    (51) expression -> . VARIABLE DECREMENT
    (52) expression -> . INCREMENT VARIABLE
    (53) expression -> . DECREMENT VARIABLE
    (54) expression -> . LPAREN expression RPAREN
    (55) expression -> . NUMBER
    (56) expression -> . VARIABLE
    (57) expression -> . STRING
    (58) expression -> . BOOLEAN
    (59) expression -> . VARIABLE EQUAL expression
    (20) if_statement -> . IF LPAREN expression RPAREN statement
    (21) if_statement -> . IF LPAREN expression RPAREN statement ELSE statement
    (22) for_statement -> . FOR LPAREN expression SEMICOLON expression SEMICOLON expression RPAREN statement
    (23) while_statement -> . WHILE LPAREN expression RPAREN statement
    (26) function_declaration -> . FUNCTION ID LPAREN parameter_list RPAREN block
    (24) echo_statement -> . ECHO expression SEMICOLON
    (25) print_statement -> . PRINT expression SEMICOLON
    (19) block -> . LBLOCK statement_list RBLOCK

  ! shift/reduce conflict for RETURN resolved as shift
  ! shift/reduce conflict for ID resolved as shift
  ! shift/reduce conflict for VARIABLE resolved as shift
  ! shift/reduce conflict for MINUS resolved as shift
  ! shift/reduce conflict for INCREMENT resolved as shift
  ! shift/reduce conflict for DECREMENT resolved as shift
  ! shift/reduce conflict for LPAREN resolved as shift
  ! shift/reduce conflict for NUMBER resolved as shift
  ! shift/reduce conflict for STRING resolved as shift
  ! shift/reduce conflict for BOOLEAN resolved as shift
  ! shift/reduce conflict for IF resolved as shift
  ! shift/reduce conflict for FOR resolved as shift
  ! shift/reduce conflict for WHILE resolved as shift
  ! shift/reduce conflict for FUNCTION resolved as shift
  ! shift/reduce conflict for ECHO resolved as shift
  ! shift/reduce conflict for PRINT resolved as shift
  ! shift/reduce conflict for LBLOCK resolved as shift
    PHP_CLOSE       shift and go to state 34
    PHP_OPEN        reduce using rule 7 (segment -> statement_list .)
    $end            reduce using rule 7 (segment -> statement_list .)
    RETURN          shift and go to state 15
    ID              shift and go to state 16
    VARIABLE        shift and go to state 18
    MINUS           shift and go to state 19
    INCREMENT       shift and go to state 20
    DECREMENT       shift and go to state 21
    LPAREN          shift and go to state 17
    NUMBER          shift and go to state 22
    STRING          shift and go to state 23
    BOOLEAN         shift and go to state 24
    IF              shift and go to state 25
    FOR             shift and go to state 26
    WHILE           shift and go to state 27
    FUNCTION        shift and go to state 28
    ECHO            shift and go to state 29
    PRINT           shift and go to state 30
    LBLOCK          shift and go to state 31

  ! RETURN          [ reduce using rule 7 (segment -> statement_list .) ]
  ! ID              [ reduce using rule 7 (segment -> statement_list .) ]
  ! VARIABLE        [ reduce using rule 7 (segment -> statement_list .) ]
  ! MINUS           [ reduce using rule 7 (segment -> statement_list .) ]
  ! INCREMENT       [ reduce using rule 7 (segment -> statement_list .) ]
  ! DECREMENT       [ reduce using rule 7 (segment -> statement_list .) ]
  ! LPAREN          [ reduce using rule 7 (segment -> statement_list .) ]
  ! NUMBER          [ reduce using rule 7 (segment -> statement_list .) ]
  ! STRING          [ reduce using rule 7 (segment -> statement_list .) ]
  ! BOOLEAN         [ reduce using rule 7 (segment -> statement_list .) ]
  ! IF              [ reduce using rule 7 (segment -> statement_list .) ]
  ! FOR             [ reduce using rule 7 (segment -> statement_list .) ]
  ! WHILE           [ reduce using rule 7 (segment -> statement_list .) ]
  ! FUNCTION        [ reduce using rule 7 (segment -> statement_list .) ]
  ! ECHO            [ reduce using rule 7 (segment -> statement_list .) ]
  ! PRINT           [ reduce using rule 7 (segment -> statement_list .) ]
  ! LBLOCK          [ reduce using rule 7 (segment -> statement_list .) ]

    statement                      shift and go to state 35
    expression                     shift and go to state 7
    if_statement                   shift and go to state 8
    for_statement                  shift and go to state 9
    while_statement                shift and go to state 10
    function_declaration           shift and go to state 11
    echo_statement                 shift and go to state 12
    print_statement                shift and go to state 13
    block                          shift and go to state 14

state 6

    (9) statement_list -> statement .

    PHP_CLOSE       reduce using rule 9 (statement_list -> statement .)
    RETURN          reduce using rule 9 (statement_list -> statement .)
    ID              reduce using rule 9 (statement_list -> statement .)
    VARIABLE        reduce using rule 9 (statement_list -> statement .)
    MINUS           reduce using rule 9 (statement_list -> statement .)
    INCREMENT       reduce using rule 9 (statement_list -> statement .)
    DECREMENT       reduce using rule 9 (statement_list -> statement .)
    LPAREN          reduce using rule 9 (statement_list -> statement .)
    NUMBER          reduce using rule 9 (statement_list -> statement .)
    STRING          reduce using rule 9 (statement_list -> statement .)
    BOOLEAN         reduce using rule 9 (statement_list -> statement .)
    IF              reduce using rule 9 (statement_list -> statement .)
    FOR             reduce using rule 9 (statement_list -> statement .)
    WHILE           reduce using rule 9 (statement_list -> statement .)
    FUNCTION        reduce using rule 9 (statement_list -> statement .)
    ECHO            reduce using rule 9 (statement_list -> statement .)
    PRINT           reduce using rule 9 (statement_list -> statement .)
    LBLOCK          reduce using rule 9 (statement_list -> statement .)
    PHP_OPEN        reduce using rule 9 (statement_list -> statement .)
    $end            reduce using rule 9 (statement_list -> statement .)
    RBLOCK          reduce using rule 9 (statement_list -> statement .)


state 7

    (10) statement -> expression . SEMICOLON
    (35) expression -> expression . PLUS expression
    (36) expression -> expression . MINUS expression
    (37) expression -> expression . TIMES expression
    (38) expression -> expression . DIVIDE expression
    (39) expression -> expression . MODULE expression
    (40) expression -> expression . DOT expression
    (41) expression -> expression . ISEQUAL expression
    (42) expression -> expression . NOTISEQUAL expression
    (43) expression -> expression . GREATERTHAN expression
    (44) expression -> expression . LESSTHAN expression
    (45) expression -> expression . GREATERTHANEQUAL expression
    (46) expression -> expression . LESSEQUAL expression
    (47) expression -> expression . AND expression
    (48) expression -> expression . OR expression

    SEMICOLON       shift and go to state 36
    PLUS            shift and go to state 37
    MINUS           shift and go to state 38
    TIMES           shift and go to state 39
    DIVIDE          shift and go to state 40
    MODULE          shift and go to state 41
    DOT             shift and go to state 42
    ISEQUAL         shift and go to state 43
    NOTISEQUAL      shift and go to state 44
    GREATERTHAN     shift and go to state 45
    LESSTHAN        shift and go to state 46
    GREATERTHANEQUAL shift and go to state 47
    LESSEQUAL       shift and go to state 48
    AND             shift and go to state 49
    OR              shift and go to state 50


state 8

    (11) statement -> if_statement .

    PHP_CLOSE       reduce using rule 11 (statement -> if_statement .)
    RETURN          reduce using rule 11 (statement -> if_statement .)
    ID              reduce using rule 11 (statement -> if_statement .)
    VARIABLE        reduce using rule 11 (statement -> if_statement .)
    MINUS           reduce using rule 11 (statement -> if_statement .)
    INCREMENT       reduce using rule 11 (statement -> if_statement .)
    DECREMENT       reduce using rule 11 (statement -> if_statement .)
    LPAREN          reduce using rule 11 (statement -> if_statement .)
    NUMBER          reduce using rule 11 (statement -> if_statement .)
    STRING          reduce using rule 11 (statement -> if_statement .)
    BOOLEAN         reduce using rule 11 (statement -> if_statement .)
    IF              reduce using rule 11 (statement -> if_statement .)
    FOR             reduce using rule 11 (statement -> if_statement .)
    WHILE           reduce using rule 11 (statement -> if_statement .)
    FUNCTION        reduce using rule 11 (statement -> if_statement .)
    ECHO            reduce using rule 11 (statement -> if_statement .)
    PRINT           reduce using rule 11 (statement -> if_statement .)
    LBLOCK          reduce using rule 11 (statement -> if_statement .)
    PHP_OPEN        reduce using rule 11 (statement -> if_statement .)
    $end            reduce using rule 11 (statement -> if_statement .)
    RBLOCK          reduce using rule 11 (statement -> if_statement .)
    ELSE            reduce using rule 11 (statement -> if_statement .)


state 9

    (12) statement -> for_statement .

    PHP_CLOSE       reduce using rule 12 (statement -> for_statement .)
    RETURN          reduce using rule 12 (statement -> for_statement .)
    ID              reduce using rule 12 (statement -> for_statement .)
    VARIABLE        reduce using rule 12 (statement -> for_statement .)
    MINUS           reduce using rule 12 (statement -> for_statement .)
    INCREMENT       reduce using rule 12 (statement -> for_statement .)
    DECREMENT       reduce using rule 12 (statement -> for_statement .)
    LPAREN          reduce using rule 12 (statement -> for_statement .)
    NUMBER          reduce using rule 12 (statement -> for_statement .)
    STRING          reduce using rule 12 (statement -> for_statement .)
    BOOLEAN         reduce using rule 12 (statement -> for_statement .)
    IF              reduce using rule 12 (statement -> for_statement .)
    FOR             reduce using rule 12 (statement -> for_statement .)
    WHILE           reduce using rule 12 (statement -> for_statement .)
    FUNCTION        reduce using rule 12 (statement -> for_statement .)
    ECHO            reduce using rule 12 (statement -> for_statement .)
    PRINT           reduce using rule 12 (statement -> for_statement .)
    LBLOCK          reduce using rule 12 (statement -> for_statement .)
    PHP_OPEN        reduce using rule 12 (statement -> for_statement .)
    $end            reduce using rule 12 (statement -> for_statement .)
    RBLOCK          reduce using rule 12 (statement -> for_statement .)
    ELSE            reduce using rule 12 (statement -> for_statement .)


state 10

    (13) statement -> while_statement .

    PHP_CLOSE       reduce using rule 13 (statement -> while_statement .)
    RETURN          reduce using rule 13 (statement -> while_statement .)
    ID              reduce using rule 13 (statement -> while_statement .)
    VARIABLE        reduce using rule 13 (statement -> while_statement .)
    MINUS           reduce using rule 13 (statement -> while_statement .)
    INCREMENT       reduce using rule 13 (statement -> while_statement .)
    DECREMENT       reduce using rule 13 (statement -> while_statement .)
    LPAREN          reduce using rule 13 (statement -> while_statement .)
    NUMBER          reduce using rule 13 (statement -> while_statement .)
    STRING          reduce using rule 13 (statement -> while_statement .)
    BOOLEAN         reduce using rule 13 (statement -> while_statement .)
    IF              reduce using rule 13 (statement -> while_statement .)
    FOR             reduce using rule 13 (statement -> while_statement .)
    WHILE           reduce using rule 13 (statement -> while_statement .)
    FUNCTION        reduce using rule 13 (statement -> while_statement .)
    ECHO            reduce using rule 13 (statement -> while_statement .)
    PRINT           reduce using rule 13 (statement -> while_statement .)
    LBLOCK          reduce using rule 13 (statement -> while_statement .)
    PHP_OPEN        reduce using rule 13 (statement -> while_statement .)
    $end            reduce using rule 13 (statement -> while_statement .)
    RBLOCK          reduce using rule 13 (statement -> while_statement .)
    ELSE            reduce using rule 13 (statement -> while_statement .)


state 11

    (14) statement -> function_declaration .

    PHP_CLOSE       reduce using rule 14 (statement -> function_declaration .)
    RETURN          reduce using rule 14 (statement -> function_declaration .)
    ID              reduce using rule 14 (statement -> function_declaration .)
    VARIABLE        reduce using rule 14 (statement -> function_declaration .)
    MINUS           reduce using rule 14 (statement -> function_declaration .)
    INCREMENT       reduce using rule 14 (statement -> function_declaration .)
    DECREMENT       reduce using rule 14 (statement -> function_declaration .)
    LPAREN          reduce using rule 14 (statement -> function_declaration .)
    NUMBER          reduce using rule 14 (statement -> function_declaration .)
    STRING          reduce using rule 14 (statement -> function_declaration .)
    BOOLEAN         reduce using rule 14 (statement -> function_declaration .)
    IF              reduce using rule 14 (statement -> function_declaration .)
    FOR             reduce using rule 14 (statement -> function_declaration .)
    WHILE           reduce using rule 14 (statement -> function_declaration .)
    FUNCTION        reduce using rule 14 (statement -> function_declaration .)
    ECHO            reduce using rule 14 (statement -> function_declaration .)
    PRINT           reduce using rule 14 (statement -> function_declaration .)
    LBLOCK          reduce using rule 14 (statement -> function_declaration .)
    PHP_OPEN        reduce using rule 14 (statement -> function_declaration .)
    $end            reduce using rule 14 (statement -> function_declaration .)
    RBLOCK          reduce using rule 14 (statement -> function_declaration .)
    ELSE            reduce using rule 14 (statement -> function_declaration .)


state 12

    (15) statement -> echo_statement .

    PHP_CLOSE       reduce using rule 15 (statement -> echo_statement .)
    RETURN          reduce using rule 15 (statement -> echo_statement .)
    ID              reduce using rule 15 (statement -> echo_statement .)
    VARIABLE        reduce using rule 15 (statement -> echo_statement .)
    MINUS           reduce using rule 15 (statement -> echo_statement .)
    INCREMENT       reduce using rule 15 (statement -> echo_statement .)
    DECREMENT       reduce using rule 15 (statement -> echo_statement .)
    LPAREN          reduce using rule 15 (statement -> echo_statement .)
    NUMBER          reduce using rule 15 (statement -> echo_statement .)
    STRING          reduce using rule 15 (statement -> echo_statement .)
    BOOLEAN         reduce using rule 15 (statement -> echo_statement .)
    IF              reduce using rule 15 (statement -> echo_statement .)
    FOR             reduce using rule 15 (statement -> echo_statement .)
    WHILE           reduce using rule 15 (statement -> echo_statement .)
    FUNCTION        reduce using rule 15 (statement -> echo_statement .)
    ECHO            reduce using rule 15 (statement -> echo_statement .)
    PRINT           reduce using rule 15 (statement -> echo_statement .)
    LBLOCK          reduce using rule 15 (statement -> echo_statement .)
    PHP_OPEN        reduce using rule 15 (statement -> echo_statement .)
    $end            reduce using rule 15 (statement -> echo_statement .)
    RBLOCK          reduce using rule 15 (statement -> echo_statement .)
    ELSE            reduce using rule 15 (statement -> echo_statement .)


state 13

    (16) statement -> print_statement .

    PHP_CLOSE       reduce using rule 16 (statement -> print_statement .)
    RETURN          reduce using rule 16 (statement -> print_statement .)
    ID              reduce using rule 16 (statement -> print_statement .)
    VARIABLE        reduce using rule 16 (statement -> print_statement .)
    MINUS           reduce using rule 16 (statement -> print_statement .)
    INCREMENT       reduce using rule 16 (statement -> print_statement .)
    DECREMENT       reduce using rule 16 (statement -> print_statement .)
    LPAREN          reduce using rule 16 (statement -> print_statement .)
    NUMBER          reduce using rule 16 (statement -> print_statement .)
    STRING          reduce using rule 16 (statement -> print_statement .)
    BOOLEAN         reduce using rule 16 (statement -> print_statement .)
    IF              reduce using rule 16 (statement -> print_statement .)
    FOR             reduce using rule 16 (statement -> print_statement .)
    WHILE           reduce using rule 16 (statement -> print_statement .)
    FUNCTION        reduce using rule 16 (statement -> print_statement .)
    ECHO            reduce using rule 16 (statement -> print_statement .)
    PRINT           reduce using rule 16 (statement -> print_statement .)
    LBLOCK          reduce using rule 16 (statement -> print_statement .)
    PHP_OPEN        reduce using rule 16 (statement -> print_statement .)
    $end            reduce using rule 16 (statement -> print_statement .)
    RBLOCK          reduce using rule 16 (statement -> print_statement .)
    ELSE            reduce using rule 16 (statement -> print_statement .)


state 14

    (17) statement -> block .

    PHP_CLOSE       reduce using rule 17 (statement -> block .)
    RETURN          reduce using rule 17 (statement -> block .)
    ID              reduce using rule 17 (statement -> block .)
    VARIABLE        reduce using rule 17 (statement -> block .)
    MINUS           reduce using rule 17 (statement -> block .)
    INCREMENT       reduce using rule 17 (statement -> block .)
    DECREMENT       reduce using rule 17 (statement -> block .)
    LPAREN          reduce using rule 17 (statement -> block .)
    NUMBER          reduce using rule 17 (statement -> block .)
    STRING          reduce using rule 17 (statement -> block .)
    BOOLEAN         reduce using rule 17 (statement -> block .)
    IF              reduce using rule 17 (statement -> block .)
    FOR             reduce using rule 17 (statement -> block .)
    WHILE           reduce using rule 17 (statement -> block .)
    FUNCTION        reduce using rule 17 (statement -> block .)
    ECHO            reduce using rule 17 (statement -> block .)
    PRINT           reduce using rule 17 (statement -> block .)
    LBLOCK          reduce using rule 17 (statement -> block .)
    PHP_OPEN        reduce using rule 17 (statement -> block .)
    $end            reduce using rule 17 (statement -> block .)
    RBLOCK          reduce using rule 17 (statement -> block .)
    ELSE            reduce using rule 17 (statement -> block .)


state 15

    (18) statement -> RETURN . expression SEMICOLON
    (30) expression -> . ID LPAREN argument_list RPAREN
    (31) expression -> . VARIABLE LPAREN argument_list RPAREN
    (35) expression -> . expression PLUS expression
    (36) expression -> . expression MINUS expression
    (37) expression -> . expression TIMES expression
    (38) expression -> . expression DIVIDE expression
    (39) expression -> . expression MODULE expression
    (40) expression -> . expression DOT expression
    (41) expression -> . expression ISEQUAL expression
    (42) expression -> . expression NOTISEQUAL expression
    (43) expression -> . expression GREATERTHAN expression
    (44) expression -> . expression LESSTHAN expression
    (45) expression -> . expression GREATERTHANEQUAL expression
    (46) expression -> . expression LESSEQUAL expression
    (47) expression -> . expression AND expression
    (48) expression -> . expression OR expression
    (49) expression -> . MINUS expression
    (50) expression -> . VARIABLE INCREMENT
    (51) expression -> . VARIABLE DECREMENT
    (52) expression -> . INCREMENT VARIABLE
    (53) expression -> . DECREMENT VARIABLE
    (54) expression -> . LPAREN expression RPAREN
    (55) expression -> . NUMBER
    (56) expression -> . VARIABLE
    (57) expression -> . STRING
    (58) expression -> . BOOLEAN
    (59) expression -> . VARIABLE EQUAL expression

    ID              shift and go to state 16
    VARIABLE        shift and go to state 18
    MINUS           shift and go to state 19
    INCREMENT       shift and go to state 20
    DECREMENT       shift and go to state 21
    LPAREN          shift and go to state 17
    NUMBER          shift and go to state 22
    STRING          shift and go to state 23
    BOOLEAN         shift and go to state 24

    expression                     shift and go to state 51

state 16

    (30) expression -> ID . LPAREN argument_list RPAREN

    LPAREN          shift and go to state 52


state 17

    (54) expression -> LPAREN . expression RPAREN
    (30) expression -> . ID LPAREN argument_list RPAREN
    (31) expression -> . VARIABLE LPAREN argument_list RPAREN
    (35) expression -> . expression PLUS expression
    (36) expression -> . expression MINUS expression
    (37) expression -> . expression TIMES expression
    (38) expression -> . expression DIVIDE expression
    (39) expression -> . expression MODULE expression
    (40) expression -> . expression DOT expression
    (41) expression -> . expression ISEQUAL expression
    (42) expression -> . expression NOTISEQUAL expression
    (43) expression -> . expression GREATERTHAN expression
    (44) expression -> . expression LESSTHAN expression
    (45) expression -> . expression GREATERTHANEQUAL expression
    (46) expression -> . expression LESSEQUAL expression
    (47) expression -> . expression AND expression
    (48) expression -> . expression OR expression
    (49) expression -> . MINUS expression
    (50) expression -> . VARIABLE INCREMENT
    (51) expression -> . VARIABLE DECREMENT
    (52) expression -> . INCREMENT VARIABLE
    (53) expression -> . DECREMENT VARIABLE
    (54) expression -> . LPAREN expression RPAREN
    (55) expression -> . NUMBER
    (56) expression -> . VARIABLE
    (57) expression -> . STRING
    (58) expression -> . BOOLEAN
    (59) expression -> . VARIABLE EQUAL expression

    ID              shift and go to state 16
    VARIABLE        shift and go to state 18
    MINUS           shift and go to state 19
    INCREMENT       shift and go to state 20
    DECREMENT       shift and go to state 21
    LPAREN          shift and go to state 17
    NUMBER          shift and go to state 22
    STRING          shift and go to state 23
    BOOLEAN         shift and go to state 24

    expression                     shift and go to state 53

state 18

    (31) expression -> VARIABLE . LPAREN argument_list RPAREN
    (50) expression -> VARIABLE . INCREMENT
    (51) expression -> VARIABLE . DECREMENT
    (56) expression -> VARIABLE .
    (59) expression -> VARIABLE . EQUAL expression

    LPAREN          shift and go to state 54
    INCREMENT       shift and go to state 55
    DECREMENT       shift and go to state 56
    SEMICOLON       reduce using rule 56 (expression -> VARIABLE .)
    PLUS            reduce using rule 56 (expression -> VARIABLE .)
    MINUS           reduce using rule 56 (expression -> VARIABLE .)
    TIMES           reduce using rule 56 (expression -> VARIABLE .)
    DIVIDE          reduce using rule 56 (expression -> VARIABLE .)
    MODULE          reduce using rule 56 (expression -> VARIABLE .)
    DOT             reduce using rule 56 (expression -> VARIABLE .)
    ISEQUAL         reduce using rule 56 (expression -> VARIABLE .)
    NOTISEQUAL      reduce using rule 56 (expression -> VARIABLE .)
    GREATERTHAN     reduce using rule 56 (expression -> VARIABLE .)
    LESSTHAN        reduce using rule 56 (expression -> VARIABLE .)
    GREATERTHANEQUAL reduce using rule 56 (expression -> VARIABLE .)
    LESSEQUAL       reduce using rule 56 (expression -> VARIABLE .)
    AND             reduce using rule 56 (expression -> VARIABLE .)
    OR              reduce using rule 56 (expression -> VARIABLE .)
    RPAREN          reduce using rule 56 (expression -> VARIABLE .)
    COMMA           reduce using rule 56 (expression -> VARIABLE .)
    EQUAL           shift and go to state 57


state 19

    (49) expression -> MINUS . expression
    (30) expression -> . ID LPAREN argument_list RPAREN
    (31) expression -> . VARIABLE LPAREN argument_list RPAREN
    (35) expression -> . expression PLUS expression
    (36) expression -> . expression MINUS expression
    (37) expression -> . expression TIMES expression
    (38) expression -> . expression DIVIDE expression
    (39) expression -> . expression MODULE expression
    (40) expression -> . expression DOT expression
    (41) expression -> . expression ISEQUAL expression
    (42) expression -> . expression NOTISEQUAL expression
    (43) expression -> . expression GREATERTHAN expression
    (44) expression -> . expression LESSTHAN expression
    (45) expression -> . expression GREATERTHANEQUAL expression
    (46) expression -> . expression LESSEQUAL expression
    (47) expression -> . expression AND expression
    (48) expression -> . expression OR expression
    (49) expression -> . MINUS expression
    (50) expression -> . VARIABLE INCREMENT
    (51) expression -> . VARIABLE DECREMENT
    (52) expression -> . INCREMENT VARIABLE
    (53) expression -> . DECREMENT VARIABLE
    (54) expression -> . LPAREN expression RPAREN
    (55) expression -> . NUMBER
    (56) expression -> . VARIABLE
    (57) expression -> . STRING
    (58) expression -> . BOOLEAN
    (59) expression -> . VARIABLE EQUAL expression

    ID              shift and go to state 16
    VARIABLE        shift and go to state 18
    MINUS           shift and go to state 19
    INCREMENT       shift and go to state 20
    DECREMENT       shift and go to state 21
    LPAREN          shift and go to state 17
    NUMBER          shift and go to state 22
    STRING          shift and go to state 23
    BOOLEAN         shift and go to state 24

    expression                     shift and go to state 58

state 20

    (52) expression -> INCREMENT . VARIABLE

    VARIABLE        shift and go to state 59


state 21

    (53) expression -> DECREMENT . VARIABLE

    VARIABLE        shift and go to state 60


state 22

    (55) expression -> NUMBER .

    SEMICOLON       reduce using rule 55 (expression -> NUMBER .)
    PLUS            reduce using rule 55 (expression -> NUMBER .)
    MINUS           reduce using rule 55 (expression -> NUMBER .)
    TIMES           reduce using rule 55 (expression -> NUMBER .)
    DIVIDE          reduce using rule 55 (expression -> NUMBER .)
    MODULE          reduce using rule 55 (expression -> NUMBER .)
    DOT             reduce using rule 55 (expression -> NUMBER .)
    ISEQUAL         reduce using rule 55 (expression -> NUMBER .)
    NOTISEQUAL      reduce using rule 55 (expression -> NUMBER .)
    GREATERTHAN     reduce using rule 55 (expression -> NUMBER .)
    LESSTHAN        reduce using rule 55 (expression -> NUMBER .)
    GREATERTHANEQUAL reduce using rule 55 (expression -> NUMBER .)
    LESSEQUAL       reduce using rule 55 (expression -> NUMBER .)
    AND             reduce using rule 55 (expression -> NUMBER .)
    OR              reduce using rule 55 (expression -> NUMBER .)
    RPAREN          reduce using rule 55 (expression -> NUMBER .)
    COMMA           reduce using rule 55 (expression -> NUMBER .)


state 23

    (57) expression -> STRING .

    SEMICOLON       reduce using rule 57 (expression -> STRING .)
    PLUS            reduce using rule 57 (expression -> STRING .)
    MINUS           reduce using rule 57 (expression -> STRING .)
    TIMES           reduce using rule 57 (expression -> STRING .)
    DIVIDE          reduce using rule 57 (expression -> STRING .)
    MODULE          reduce using rule 57 (expression -> STRING .)
    DOT             reduce using rule 57 (expression -> STRING .)
    ISEQUAL         reduce using rule 57 (expression -> STRING .)
    NOTISEQUAL      reduce using rule 57 (expression -> STRING .)
    GREATERTHAN     reduce using rule 57 (expression -> STRING .)
    LESSTHAN        reduce using rule 57 (expression -> STRING .)
    GREATERTHANEQUAL reduce using rule 57 (expression -> STRING .)
    LESSEQUAL       reduce using rule 57 (expression -> STRING .)
    AND             reduce using rule 57 (expression -> STRING .)
    OR              reduce using rule 57 (expression -> STRING .)
    RPAREN          reduce using rule 57 (expression -> STRING .)
    COMMA           reduce using rule 57 (expression -> STRING .)


state 24

    (58) expression -> BOOLEAN .

    SEMICOLON       reduce using rule 58 (expression -> BOOLEAN .)
    PLUS            reduce using rule 58 (expression -> BOOLEAN .)
    MINUS           reduce using rule 58 (expression -> BOOLEAN .)
    TIMES           reduce using rule 58 (expression -> BOOLEAN .)
    DIVIDE          reduce using rule 58 (expression -> BOOLEAN .)
    MODULE          reduce using rule 58 (expression -> BOOLEAN .)
    DOT             reduce using rule 58 (expression -> BOOLEAN .)
    ISEQUAL         reduce using rule 58 (expression -> BOOLEAN .)
    NOTISEQUAL      reduce using rule 58 (expression -> BOOLEAN .)
    GREATERTHAN     reduce using rule 58 (expression -> BOOLEAN .)
    LESSTHAN        reduce using rule 58 (expression -> BOOLEAN .)
    GREATERTHANEQUAL reduce using rule 58 (expression -> BOOLEAN .)
    LESSEQUAL       reduce using rule 58 (expression -> BOOLEAN .)
    AND             reduce using rule 58 (expression -> BOOLEAN .)
    OR              reduce using rule 58 (expression -> BOOLEAN .)
    RPAREN          reduce using rule 58 (expression -> BOOLEAN .)
    COMMA           reduce using rule 58 (expression -> BOOLEAN .)


state 25

    (20) if_statement -> IF . LPAREN expression RPAREN statement
    (21) if_statement -> IF . LPAREN expression RPAREN statement ELSE statement

    LPAREN          shift and go to state 61


state 26

    (22) for_statement -> FOR . LPAREN expression SEMICOLON expression SEMICOLON expression RPAREN statement

    LPAREN          shift and go to state 62


state 27

    (23) while_statement -> WHILE . LPAREN expression RPAREN statement

    LPAREN          shift and go to state 63


state 28

    (26) function_declaration -> FUNCTION . ID LPAREN parameter_list RPAREN block

    ID              shift and go to state 64


state 29

    (24) echo_statement -> ECHO . expression SEMICOLON
    (30) expression -> . ID LPAREN argument_list RPAREN
    (31) expression -> . VARIABLE LPAREN argument_list RPAREN
    (35) expression -> . expression PLUS expression
    (36) expression -> . expression MINUS expression
    (37) expression -> . expression TIMES expression
    (38) expression -> . expression DIVIDE expression
    (39) expression -> . expression MODULE expression
    (40) expression -> . expression DOT expression
    (41) expression -> . expression ISEQUAL expression
    (42) expression -> . expression NOTISEQUAL expression
    (43) expression -> . expression GREATERTHAN expression
    (44) expression -> . expression LESSTHAN expression
    (45) expression -> . expression GREATERTHANEQUAL expression
    (46) expression -> . expression LESSEQUAL expression
    (47) expression -> . expression AND expression
    (48) expression -> . expression OR expression
    (49) expression -> . MINUS expression
    (50) expression -> . VARIABLE INCREMENT
    (51) expression -> . VARIABLE DECREMENT
    (52) expression -> . INCREMENT VARIABLE
    (53) expression -> . DECREMENT VARIABLE
    (54) expression -> . LPAREN expression RPAREN
    (55) expression -> . NUMBER
    (56) expression -> . VARIABLE
    (57) expression -> . STRING
    (58) expression -> . BOOLEAN
    (59) expression -> . VARIABLE EQUAL expression

    ID              shift and go to state 16
    VARIABLE        shift and go to state 18
    MINUS           shift and go to state 19
    INCREMENT       shift and go to state 20
    DECREMENT       shift and go to state 21
    LPAREN          shift and go to state 17
    NUMBER          shift and go to state 22
    STRING          shift and go to state 23
    BOOLEAN         shift and go to state 24

    expression                     shift and go to state 65

state 30

    (25) print_statement -> PRINT . expression SEMICOLON
    (30) expression -> . ID LPAREN argument_list RPAREN
    (31) expression -> . VARIABLE LPAREN argument_list RPAREN
    (35) expression -> . expression PLUS expression
    (36) expression -> . expression MINUS expression
    (37) expression -> . expression TIMES expression
    (38) expression -> . expression DIVIDE expression
    (39) expression -> . expression MODULE expression
    (40) expression -> . expression DOT expression
    (41) expression -> . expression ISEQUAL expression
    (42) expression -> . expression NOTISEQUAL expression
    (43) expression -> . expression GREATERTHAN expression
    (44) expression -> . expression LESSTHAN expression
    (45) expression -> . expression GREATERTHANEQUAL expression
    (46) expression -> . expression LESSEQUAL expression
    (47) expression -> . expression AND expression
    (48) expression -> . expression OR expression
    (49) expression -> . MINUS expression
    (50) expression -> . VARIABLE INCREMENT
    (51) expression -> . VARIABLE DECREMENT
    (52) expression -> . INCREMENT VARIABLE
    (53) expression -> . DECREMENT VARIABLE
    (54) expression -> . LPAREN expression RPAREN
    (55) expression -> . NUMBER
    (56) expression -> . VARIABLE
    (57) expression -> . STRING
    (58) expression -> . BOOLEAN
    (59) expression -> . VARIABLE EQUAL expression

    ID              shift and go to state 16
    VARIABLE        shift and go to state 18
    MINUS           shift and go to state 19
    INCREMENT       shift and go to state 20
    DECREMENT       shift and go to state 21
    LPAREN          shift and go to state 17
    NUMBER          shift and go to state 22
    STRING          shift and go to state 23
    BOOLEAN         shift and go to state 24

    expression                     shift and go to state 66

state 31

    (19) block -> LBLOCK . statement_list RBLOCK
    (8) statement_list -> . statement_list statement
    (9) statement_list -> . statement
    (10) statement -> . expression SEMICOLON
    (11) statement -> . if_statement
    (12) statement -> . for_statement
    (13) statement -> . while_statement
    (14) statement -> . function_declaration
    (15) statement -> . echo_statement
    (16) statement -> . print_statement
    (17) statement -> . block
    (18) statement -> . RETURN expression SEMICOLON
    (30) expression -> . ID LPAREN argument_list RPAREN
    (31) expression -> . VARIABLE LPAREN argument_list RPAREN
    (35) expression -> . expression PLUS expression
    (36) expression -> . expression MINUS expression
    (37) expression -> . expression TIMES expression
    (38) expression -> . expression DIVIDE expression
    (39) expression -> . expression MODULE expression
    (40) expression -> . expression DOT expression
    (41) expression -> . expression ISEQUAL expression
    (42) expression -> . expression NOTISEQUAL expression
    (43) expression -> . expression GREATERTHAN expression
    (44) expression -> . expression LESSTHAN expression
    (45) expression -> . expression GREATERTHANEQUAL expression
    (46) expression -> . expression LESSEQUAL expression
    (47) expression -> . expression AND expression
    (48) expression -> . expression OR expression
    (49) expression -> . MINUS expression
    (50) expression -> . VARIABLE INCREMENT
    (51) expression -> . VARIABLE DECREMENT
    (52) expression -> . INCREMENT VARIABLE
    (53) expression -> . DECREMENT VARIABLE
    (54) expression -> . LPAREN expression RPAREN
    (55) expression -> . NUMBER
    (56) expression -> . VARIABLE
    (57) expression -> . STRING
    (58) expression -> . BOOLEAN
    (59) expression -> . VARIABLE EQUAL expression
    (20) if_statement -> . IF LPAREN expression RPAREN statement
    (21) if_statement -> . IF LPAREN expression RPAREN statement ELSE statement
    (22) for_statement -> . FOR LPAREN expression SEMICOLON expression SEMICOLON expression RPAREN statement
    (23) while_statement -> . WHILE LPAREN expression RPAREN statement
    (26) function_declaration -> . FUNCTION ID LPAREN parameter_list RPAREN block
    (24) echo_statement -> . ECHO expression SEMICOLON
    (25) print_statement -> . PRINT expression SEMICOLON
    (19) block -> . LBLOCK statement_list RBLOCK

    RETURN          shift and go to state 15
    ID              shift and go to state 16
    VARIABLE        shift and go to state 18
    MINUS           shift and go to state 19
    INCREMENT       shift and go to state 20
    DECREMENT       shift and go to state 21
    LPAREN          shift and go to state 17
    NUMBER          shift and go to state 22
    STRING          shift and go to state 23
    BOOLEAN         shift and go to state 24
    IF              shift and go to state 25
    FOR             shift and go to state 26
    WHILE           shift and go to state 27
    FUNCTION        shift and go to state 28
    ECHO            shift and go to state 29
    PRINT           shift and go to state 30
    LBLOCK          shift and go to state 31

    statement_list                 shift and go to state 67
    statement                      shift and go to state 6
    expression                     shift and go to state 7
    if_statement                   shift and go to state 8
    for_statement                  shift and go to state 9
    while_statement                shift and go to state 10
    function_declaration           shift and go to state 11
    echo_statement                 shift and go to state 12
    print_statement                shift and go to state 13
    block                          shift and go to state 14

state 32

    (2) segment_list -> segment_list segment .

    PHP_OPEN        reduce using rule 2 (segment_list -> segment_list segment .)
    RETURN          reduce using rule 2 (segment_list -> segment_list segment .)
    ID              reduce using rule 2 (segment_list -> segment_list segment .)
    VARIABLE        reduce using rule 2 (segment_list -> segment_list segment .)
    MINUS           reduce using rule 2 (segment_list -> segment_list segment .)
    INCREMENT       reduce using rule 2 (segment_list -> segment_list segment .)
    DECREMENT       reduce using rule 2 (segment_list -> segment_list segment .)
    LPAREN          reduce using rule 2 (segment_list -> segment_list segment .)
    NUMBER          reduce using rule 2 (segment_list -> segment_list segment .)
    STRING          reduce using rule 2 (segment_list -> segment_list segment .)
    BOOLEAN         reduce using rule 2 (segment_list -> segment_list segment .)
    IF              reduce using rule 2 (segment_list -> segment_list segment .)
    FOR             reduce using rule 2 (segment_list -> segment_list segment .)
    WHILE           reduce using rule 2 (segment_list -> segment_list segment .)
    FUNCTION        reduce using rule 2 (segment_list -> segment_list segment .)
    ECHO            reduce using rule 2 (segment_list -> segment_list segment .)
    PRINT           reduce using rule 2 (segment_list -> segment_list segment .)
    LBLOCK          reduce using rule 2 (segment_list -> segment_list segment .)
    $end            reduce using rule 2 (segment_list -> segment_list segment .)


state 33

    (4) segment -> PHP_OPEN statement_list . PHP_CLOSE
    (5) segment -> PHP_OPEN statement_list .
    (8) statement_list -> statement_list . statement
    (10) statement -> . expression SEMICOLON
    (11) statement -> . if_statement
    (12) statement -> . for_statement
    (13) statement -> . while_statement
    (14) statement -> . function_declaration
    (15) statement -> . echo_statement
    (16) statement -> . print_statement
    (17) statement -> . block
    (18) statement -> . RETURN expression SEMICOLON
    (30) expression -> . ID LPAREN argument_list RPAREN
    (31) expression -> . VARIABLE LPAREN argument_list RPAREN
    (35) expression -> . expression PLUS expression
    (36) expression -> . expression MINUS expression
    (37) expression -> . expression TIMES expression
    (38) expression -> . expression DIVIDE expression
    (39) expression -> . expression MODULE expression
    (40) expression -> . expression DOT expression
    (41) expression -> . expression ISEQUAL expression
    (42) expression -> . expression NOTISEQUAL expression
    (43) expression -> . expression GREATERTHAN expression
    (44) expression -> . expression LESSTHAN expression
    (45) expression -> . expression GREATERTHANEQUAL expression
    (46) expression -> . expression LESSEQUAL expression
    (47) expression -> . expression AND expression
    (48) expression -> . expression OR expression
    (49) expression -> . MINUS expression
    (50) expression -> . VARIABLE INCREMENT
    (51) expression -> . VARIABLE DECREMENT
    (52) expression -> . INCREMENT VARIABLE
    (53) expression -> . DECREMENT VARIABLE
    (54) expression -> . LPAREN expression RPAREN
    (55) expression -> . NUMBER
    (56) expression -> . VARIABLE
    (57) expression -> . STRING
    (58) expression -> . BOOLEAN
    (59) expression -> . VARIABLE EQUAL expression
    (20) if_statement -> . IF LPAREN expression RPAREN statement
    (21) if_statement -> . IF LPAREN expression RPAREN statement ELSE statement
    (22) for_statement -> . FOR LPAREN expression SEMICOLON expression SEMICOLON expression RPAREN statement
    (23) while_statement -> . WHILE LPAREN expression RPAREN statement
    (26) function_declaration -> . FUNCTION ID LPAREN parameter_list RPAREN block
    (24) echo_statement -> . ECHO expression SEMICOLON
    (25) print_statement -> . PRINT expression SEMICOLON
    (19) block -> . LBLOCK statement_list RBLOCK

  ! shift/reduce conflict for RETURN resolved as shift
  ! shift/reduce conflict for ID resolved as shift
  ! shift/reduce conflict for VARIABLE resolved as shift
  ! shift/reduce conflict for MINUS resolved as shift
  ! shift/reduce conflict for INCREMENT resolved as shift
  ! shift/reduce conflict for DECREMENT resolved as shift
  ! shift/reduce conflict for LPAREN resolved as shift
  ! shift/reduce conflict for NUMBER resolved as shift
  ! shift/reduce conflict for STRING resolved as shift
  ! shift/reduce conflict for BOOLEAN resolved as shift
  ! shift/reduce conflict for IF resolved as shift
  ! shift/reduce conflict for FOR resolved as shift
  ! shift/reduce conflict for WHILE resolved as shift
  ! shift/reduce conflict for FUNCTION resolved as shift
  ! shift/reduce conflict for ECHO resolved as shift
  ! shift/reduce conflict for PRINT resolved as shift
  ! shift/reduce conflict for LBLOCK resolved as shift
    PHP_CLOSE       shift and go to state 68
    PHP_OPEN        reduce using rule 5 (segment -> PHP_OPEN statement_list .)
    $end            reduce using rule 5 (segment -> PHP_OPEN statement_list .)
    RETURN          shift and go to state 15
    ID              shift and go to state 16
    VARIABLE        shift and go to state 18
    MINUS           shift and go to state 19
    INCREMENT       shift and go to state 20
    DECREMENT       shift and go to state 21
    LPAREN          shift and go to state 17
    NUMBER          shift and go to state 22
    STRING          shift and go to state 23
    BOOLEAN         shift and go to state 24
    IF              shift and go to state 25
    FOR             shift and go to state 26
    WHILE           shift and go to state 27
    FUNCTION        shift and go to state 28
    ECHO            shift and go to state 29
    PRINT           shift and go to state 30
    LBLOCK          shift and go to state 31

  ! RETURN          [ reduce using rule 5 (segment -> PHP_OPEN statement_list .) ]
  ! ID              [ reduce using rule 5 (segment -> PHP_OPEN statement_list .) ]
  ! VARIABLE        [ reduce using rule 5 (segment -> PHP_OPEN statement_list .) ]
  ! MINUS           [ reduce using rule 5 (segment -> PHP_OPEN statement_list .) ]
  ! INCREMENT       [ reduce using rule 5 (segment -> PHP_OPEN statement_list .) ]
  ! DECREMENT       [ reduce using rule 5 (segment -> PHP_OPEN statement_list .) ]
  ! LPAREN          [ reduce using rule 5 (segment -> PHP_OPEN statement_list .) ]
  ! NUMBER          [ reduce using rule 5 (segment -> PHP_OPEN statement_list .) ]
  ! STRING          [ reduce using rule 5 (segment -> PHP_OPEN statement_list .) ]
  ! BOOLEAN         [ reduce using rule 5 (segment -> PHP_OPEN statement_list .) ]
  ! IF              [ reduce using rule 5 (segment -> PHP_OPEN statement_list .) ]
  ! FOR             [ reduce using rule 5 (segment -> PHP_OPEN statement_list .) ]
  ! WHILE           [ reduce using rule 5 (segment -> PHP_OPEN statement_list .) ]
  ! FUNCTION        [ reduce using rule 5 (segment -> PHP_OPEN statement_list .) ]
  ! ECHO            [ reduce using rule 5 (segment -> PHP_OPEN statement_list .) ]
  ! PRINT           [ reduce using rule 5 (segment -> PHP_OPEN statement_list .) ]
  ! LBLOCK          [ reduce using rule 5 (segment -> PHP_OPEN statement_list .) ]

    statement                      shift and go to state 35
    expression                     shift and go to state 7
    if_statement                   shift and go to state 8
    for_statement                  shift and go to state 9
    while_statement                shift and go to state 10
    function_declaration           shift and go to state 11
    echo_statement                 shift and go to state 12
    print_statement                shift and go to state 13
    block                          shift and go to state 14

state 34

    (6) segment -> statement_list PHP_CLOSE .

    PHP_OPEN        reduce using rule 6 (segment -> statement_list PHP_CLOSE .)
    RETURN          reduce using rule 6 (segment -> statement_list PHP_CLOSE .)
    ID              reduce using rule 6 (segment -> statement_list PHP_CLOSE .)
    VARIABLE        reduce using rule 6 (segment -> statement_list PHP_CLOSE .)
    MINUS           reduce using rule 6 (segment -> statement_list PHP_CLOSE .)
    INCREMENT       reduce using rule 6 (segment -> statement_list PHP_CLOSE .)
    DECREMENT       reduce using rule 6 (segment -> statement_list PHP_CLOSE .)
    LPAREN          reduce using rule 6 (segment -> statement_list PHP_CLOSE .)
    NUMBER          reduce using rule 6 (segment -> statement_list PHP_CLOSE .)
    STRING          reduce using rule 6 (segment -> statement_list PHP_CLOSE .)
    BOOLEAN         reduce using rule 6 (segment -> statement_list PHP_CLOSE .)
    IF              reduce using rule 6 (segment -> statement_list PHP_CLOSE .)
    FOR             reduce using rule 6 (segment -> statement_list PHP_CLOSE .)
    WHILE           reduce using rule 6 (segment -> statement_list PHP_CLOSE .)
    FUNCTION        reduce using rule 6 (segment -> statement_list PHP_CLOSE .)
    ECHO            reduce using rule 6 (segment -> statement_list PHP_CLOSE .)
    PRINT           reduce using rule 6 (segment -> statement_list PHP_CLOSE .)
    LBLOCK          reduce using rule 6 (segment -> statement_list PHP_CLOSE .)
    $end            reduce using rule 6 (segment -> statement_list PHP_CLOSE .)


state 35

    (8) statement_list -> statement_list statement .

    PHP_CLOSE       reduce using rule 8 (statement_list -> statement_list statement .)
    RETURN          reduce using rule 8 (statement_list -> statement_list statement .)
    ID              reduce using rule 8 (statement_list -> statement_list statement .)
    VARIABLE        reduce using rule 8 (statement_list -> statement_list statement .)
    MINUS           reduce using rule 8 (statement_list -> statement_list statement .)
    INCREMENT       reduce using rule 8 (statement_list -> statement_list statement .)
    DECREMENT       reduce using rule 8 (statement_list -> statement_list statement .)
    LPAREN          reduce using rule 8 (statement_list -> statement_list statement .)
    NUMBER          reduce using rule 8 (statement_list -> statement_list statement .)
    STRING          reduce using rule 8 (statement_list -> statement_list statement .)
    BOOLEAN         reduce using rule 8 (statement_list -> statement_list statement .)
    IF              reduce using rule 8 (statement_list -> statement_list statement .)
    FOR             reduce using rule 8 (statement_list -> statement_list statement .)
    WHILE           reduce using rule 8 (statement_list -> statement_list statement .)
    FUNCTION        reduce using rule 8 (statement_list -> statement_list statement .)
    ECHO            reduce using rule 8 (statement_list -> statement_list statement .)
    PRINT           reduce using rule 8 (statement_list -> statement_list statement .)
    LBLOCK          reduce using rule 8 (statement_list -> statement_list statement .)
    PHP_OPEN        reduce using rule 8 (statement_list -> statement_list statement .)
    $end            reduce using rule 8 (statement_list -> statement_list statement .)
    RBLOCK          reduce using rule 8 (statement_list -> statement_list statement .)


state 36

    (10) statement -> expression SEMICOLON .

    PHP_CLOSE       reduce using rule 10 (statement -> expression SEMICOLON .)
    RETURN          reduce using rule 10 (statement -> expression SEMICOLON .)
    ID              reduce using rule 10 (statement -> expression SEMICOLON .)
    VARIABLE        reduce using rule 10 (statement -> expression SEMICOLON .)
    MINUS           reduce using rule 10 (statement -> expression SEMICOLON .)
    INCREMENT       reduce using rule 10 (statement -> expression SEMICOLON .)
    DECREMENT       reduce using rule 10 (statement -> expression SEMICOLON .)
    LPAREN          reduce using rule 10 (statement -> expression SEMICOLON .)
    NUMBER          reduce using rule 10 (statement -> expression SEMICOLON .)
    STRING          reduce using rule 10 (statement -> expression SEMICOLON .)
    BOOLEAN         reduce using rule 10 (statement -> expression SEMICOLON .)
    IF              reduce using rule 10 (statement -> expression SEMICOLON .)
    FOR             reduce using rule 10 (statement -> expression SEMICOLON .)
    WHILE           reduce using rule 10 (statement -> expression SEMICOLON .)
    FUNCTION        reduce using rule 10 (statement -> expression SEMICOLON .)
    ECHO            reduce using rule 10 (statement -> expression SEMICOLON .)
    PRINT           reduce using rule 10 (statement -> expression SEMICOLON .)
    LBLOCK          reduce using rule 10 (statement -> expression SEMICOLON .)
    PHP_OPEN        reduce using rule 10 (statement -> expression SEMICOLON .)
    $end            reduce using rule 10 (statement -> expression SEMICOLON .)
    RBLOCK          reduce using rule 10 (statement -> expression SEMICOLON .)
    ELSE            reduce using rule 10 (statement -> expression SEMICOLON .)


state 37

    (35) expression -> expression PLUS . expression
    (30) expression -> . ID LPAREN argument_list RPAREN
    (31) expression -> . VARIABLE LPAREN argument_list RPAREN
    (35) expression -> . expression PLUS expression
    (36) expression -> . expression MINUS expression
    (37) expression -> . expression TIMES expression
    (38) expression -> . expression DIVIDE expression
    (39) expression -> . expression MODULE expression
    (40) expression -> . expression DOT expression
    (41) expression -> . expression ISEQUAL expression
    (42) expression -> . expression NOTISEQUAL expression
    (43) expression -> . expression GREATERTHAN expression
    (44) expression -> . expression LESSTHAN expression
    (45) expression -> . expression GREATERTHANEQUAL expression
    (46) expression -> . expression LESSEQUAL expression
    (47) expression -> . expression AND expression
    (48) expression -> . expression OR expression
    (49) expression -> . MINUS expression
    (50) expression -> . VARIABLE INCREMENT
    (51) expression -> . VARIABLE DECREMENT
    (52) expression -> . INCREMENT VARIABLE
    (53) expression -> . DECREMENT VARIABLE
    (54) expression -> . LPAREN expression RPAREN
    (55) expression -> . NUMBER
    (56) expression -> . VARIABLE
    (57) expression -> . STRING
    (58) expression -> . BOOLEAN
    (59) expression -> . VARIABLE EQUAL expression

    ID              shift and go to state 16
    VARIABLE        shift and go to state 18
    MINUS           shift and go to state 19
    INCREMENT       shift and go to state 20
    DECREMENT       shift and go to state 21
    LPAREN          shift and go to state 17
    NUMBER          shift and go to state 22
    STRING          shift and go to state 23
    BOOLEAN         shift and go to state 24

    expression                     shift and go to state 69

state 38

    (36) expression -> expression MINUS . expression
    (30) expression -> . ID LPAREN argument_list RPAREN
    (31) expression -> . VARIABLE LPAREN argument_list RPAREN
    (35) expression -> . expression PLUS expression
    (36) expression -> . expression MINUS expression
    (37) expression -> . expression TIMES expression
    (38) expression -> . expression DIVIDE expression
    (39) expression -> . expression MODULE expression
    (40) expression -> . expression DOT expression
    (41) expression -> . expression ISEQUAL expression
    (42) expression -> . expression NOTISEQUAL expression
    (43) expression -> . expression GREATERTHAN expression
    (44) expression -> . expression LESSTHAN expression
    (45) expression -> . expression GREATERTHANEQUAL expression
    (46) expression -> . expression LESSEQUAL expression
    (47) expression -> . expression AND expression
    (48) expression -> . expression OR expression
    (49) expression -> . MINUS expression
    (50) expression -> . VARIABLE INCREMENT
    (51) expression -> . VARIABLE DECREMENT
    (52) expression -> . INCREMENT VARIABLE
    (53) expression -> . DECREMENT VARIABLE
    (54) expression -> . LPAREN expression RPAREN
    (55) expression -> . NUMBER
    (56) expression -> . VARIABLE
    (57) expression -> . STRING
    (58) expression -> . BOOLEAN
    (59) expression -> . VARIABLE EQUAL expression

    ID              shift and go to state 16
    VARIABLE        shift and go to state 18
    MINUS           shift and go to state 19
    INCREMENT       shift and go to state 20
    DECREMENT       shift and go to state 21
    LPAREN          shift and go to state 17
    NUMBER          shift and go to state 22
    STRING          shift and go to state 23
    BOOLEAN         shift and go to state 24

    expression                     shift and go to state 70

state 39

    (37) expression -> expression TIMES . expression
    (30) expression -> . ID LPAREN argument_list RPAREN
    (31) expression -> . VARIABLE LPAREN argument_list RPAREN
    (35) expression -> . expression PLUS expression
    (36) expression -> . expression MINUS expression
    (37) expression -> . expression TIMES expression
    (38) expression -> . expression DIVIDE expression
    (39) expression -> . expression MODULE expression
    (40) expression -> . expression DOT expression
    (41) expression -> . expression ISEQUAL expression
    (42) expression -> . expression NOTISEQUAL expression
    (43) expression -> . expression GREATERTHAN expression
    (44) expression -> . expression LESSTHAN expression
    (45) expression -> . expression GREATERTHANEQUAL expression
    (46) expression -> . expression LESSEQUAL expression
    (47) expression -> . expression AND expression
    (48) expression -> . expression OR expression
    (49) expression -> . MINUS expression
    (50) expression -> . VARIABLE INCREMENT
    (51) expression -> . VARIABLE DECREMENT
    (52) expression -> . INCREMENT VARIABLE
    (53) expression -> . DECREMENT VARIABLE
    (54) expression -> . LPAREN expression RPAREN
    (55) expression -> . NUMBER
    (56) expression -> . VARIABLE
    (57) expression -> . STRING
    (58) expression -> . BOOLEAN
    (59) expression -> . VARIABLE EQUAL expression

    ID              shift and go to state 16
    VARIABLE        shift and go to state 18
    MINUS           shift and go to state 19
    INCREMENT       shift and go to state 20
    DECREMENT       shift and go to state 21
    LPAREN          shift and go to state 17
    NUMBER          shift and go to state 22
    STRING          shift and go to state 23
    BOOLEAN         shift and go to state 24

    expression                     shift and go to state 71

state 40

    (38) expression -> expression DIVIDE . expression
    (30) expression -> . ID LPAREN argument_list RPAREN
    (31) expression -> . VARIABLE LPAREN argument_list RPAREN
    (35) expression -> . expression PLUS expression
    (36) expression -> . expression MINUS expression
    (37) expression -> . expression TIMES expression
    (38) expression -> . expression DIVIDE expression
    (39) expression -> . expression MODULE expression
    (40) expression -> . expression DOT expression
    (41) expression -> . expression ISEQUAL expression
    (42) expression -> . expression NOTISEQUAL expression
    (43) expression -> . expression GREATERTHAN expression
    (44) expression -> . expression LESSTHAN expression
    (45) expression -> . expression GREATERTHANEQUAL expression
    (46) expression -> . expression LESSEQUAL expression
    (47) expression -> . expression AND expression
    (48) expression -> . expression OR expression
    (49) expression -> . MINUS expression
    (50) expression -> . VARIABLE INCREMENT
    (51) expression -> . VARIABLE DECREMENT
    (52) expression -> . INCREMENT VARIABLE
    (53) expression -> . DECREMENT VARIABLE
    (54) expression -> . LPAREN expression RPAREN
    (55) expression -> . NUMBER
    (56) expression -> . VARIABLE
    (57) expression -> . STRING
    (58) expression -> . BOOLEAN
    (59) expression -> . VARIABLE EQUAL expression

    ID              shift and go to state 16
    VARIABLE        shift and go to state 18
    MINUS           shift and go to state 19
    INCREMENT       shift and go to state 20
    DECREMENT       shift and go to state 21
    LPAREN          shift and go to state 17
    NUMBER          shift and go to state 22
    STRING          shift and go to state 23
    BOOLEAN         shift and go to state 24

    expression                     shift and go to state 72

state 41

    (39) expression -> expression MODULE . expression
    (30) expression -> . ID LPAREN argument_list RPAREN
    (31) expression -> . VARIABLE LPAREN argument_list RPAREN
    (35) expression -> . expression PLUS expression
    (36) expression -> . expression MINUS expression
    (37) expression -> . expression TIMES expression
    (38) expression -> . expression DIVIDE expression
    (39) expression -> . expression MODULE expression
    (40) expression -> . expression DOT expression
    (41) expression -> . expression ISEQUAL expression
    (42) expression -> . expression NOTISEQUAL expression
    (43) expression -> . expression GREATERTHAN expression
    (44) expression -> . expression LESSTHAN expression
    (45) expression -> . expression GREATERTHANEQUAL expression
    (46) expression -> . expression LESSEQUAL expression
    (47) expression -> . expression AND expression
    (48) expression -> . expression OR expression
    (49) expression -> . MINUS expression
    (50) expression -> . VARIABLE INCREMENT
    (51) expression -> . VARIABLE DECREMENT
    (52) expression -> . INCREMENT VARIABLE
    (53) expression -> . DECREMENT VARIABLE
    (54) expression -> . LPAREN expression RPAREN
    (55) expression -> . NUMBER
    (56) expression -> . VARIABLE
    (57) expression -> . STRING
    (58) expression -> . BOOLEAN
    (59) expression -> . VARIABLE EQUAL expression

    ID              shift and go to state 16
    VARIABLE        shift and go to state 18
    MINUS           shift and go to state 19
    INCREMENT       shift and go to state 20
    DECREMENT       shift and go to state 21
    LPAREN          shift and go to state 17
    NUMBER          shift and go to state 22
    STRING          shift and go to state 23
    BOOLEAN         shift and go to state 24

    expression                     shift and go to state 73

state 42

    (40) expression -> expression DOT . expression
    (30) expression -> . ID LPAREN argument_list RPAREN
    (31) expression -> . VARIABLE LPAREN argument_list RPAREN
    (35) expression -> . expression PLUS expression
    (36) expression -> . expression MINUS expression
    (37) expression -> . expression TIMES expression
    (38) expression -> . expression DIVIDE expression
    (39) expression -> . expression MODULE expression
    (40) expression -> . expression DOT expression
    (41) expression -> . expression ISEQUAL expression
    (42) expression -> . expression NOTISEQUAL expression
    (43) expression -> . expression GREATERTHAN expression
    (44) expression -> . expression LESSTHAN expression
    (45) expression -> . expression GREATERTHANEQUAL expression
    (46) expression -> . expression LESSEQUAL expression
    (47) expression -> . expression AND expression
    (48) expression -> . expression OR expression
    (49) expression -> . MINUS expression
    (50) expression -> . VARIABLE INCREMENT
    (51) expression -> . VARIABLE DECREMENT
    (52) expression -> . INCREMENT VARIABLE
    (53) expression -> . DECREMENT VARIABLE
    (54) expression -> . LPAREN expression RPAREN
    (55) expression -> . NUMBER
    (56) expression -> . VARIABLE
    (57) expression -> . STRING
    (58) expression -> . BOOLEAN
    (59) expression -> . VARIABLE EQUAL expression

    ID              shift and go to state 16
    VARIABLE        shift and go to state 18
    MINUS           shift and go to state 19
    INCREMENT       shift and go to state 20
    DECREMENT       shift and go to state 21
    LPAREN          shift and go to state 17
    NUMBER          shift and go to state 22
    STRING          shift and go to state 23
    BOOLEAN         shift and go to state 24

    expression                     shift and go to state 74

state 43

    (41) expression -> expression ISEQUAL . expression
    (30) expression -> . ID LPAREN argument_list RPAREN
    (31) expression -> . VARIABLE LPAREN argument_list RPAREN
    (35) expression -> . expression PLUS expression
    (36) expression -> . expression MINUS expression
    (37) expression -> . expression TIMES expression
    (38) expression -> . expression DIVIDE expression
    (39) expression -> . expression MODULE expression
    (40) expression -> . expression DOT expression
    (41) expression -> . expression ISEQUAL expression
    (42) expression -> . expression NOTISEQUAL expression
    (43) expression -> . expression GREATERTHAN expression
    (44) expression -> . expression LESSTHAN expression
    (45) expression -> . expression GREATERTHANEQUAL expression
    (46) expression -> . expression LESSEQUAL expression
    (47) expression -> . expression AND expression
    (48) expression -> . expression OR expression
    (49) expression -> . MINUS expression
    (50) expression -> . VARIABLE INCREMENT
    (51) expression -> . VARIABLE DECREMENT
    (52) expression -> . INCREMENT VARIABLE
    (53) expression -> . DECREMENT VARIABLE
    (54) expression -> . LPAREN expression RPAREN
    (55) expression -> . NUMBER
    (56) expression -> . VARIABLE
    (57) expression -> . STRING
    (58) expression -> . BOOLEAN
    (59) expression -> . VARIABLE EQUAL expression

    ID              shift and go to state 16
    VARIABLE        shift and go to state 18
    MINUS           shift and go to state 19
    INCREMENT       shift and go to state 20
    DECREMENT       shift and go to state 21
    LPAREN          shift and go to state 17
    NUMBER          shift and go to state 22
    STRING          shift and go to state 23
    BOOLEAN         shift and go to state 24

    expression                     shift and go to state 75

state 44

    (42) expression -> expression NOTISEQUAL . expression
    (30) expression -> . ID LPAREN argument_list RPAREN
    (31) expression -> . VARIABLE LPAREN argument_list RPAREN
    (35) expression -> . expression PLUS expression
    (36) expression -> . expression MINUS expression
    (37) expression -> . expression TIMES expression
    (38) expression -> . expression DIVIDE expression
    (39) expression -> . expression MODULE expression
    (40) expression -> . expression DOT expression
    (41) expression -> . expression ISEQUAL expression
    (42) expression -> . expression NOTISEQUAL expression
    (43) expression -> . expression GREATERTHAN expression
    (44) expression -> . expression LESSTHAN expression
    (45) expression -> . expression GREATERTHANEQUAL expression
    (46) expression -> . expression LESSEQUAL expression
    (47) expression -> . expression AND expression
    (48) expression -> . expression OR expression
    (49) expression -> . MINUS expression
    (50) expression -> . VARIABLE INCREMENT
    (51) expression -> . VARIABLE DECREMENT
    (52) expression -> . INCREMENT VARIABLE
    (53) expression -> . DECREMENT VARIABLE
    (54) expression -> . LPAREN expression RPAREN
    (55) expression -> . NUMBER
    (56) expression -> . VARIABLE
    (57) expression -> . STRING
    (58) expression -> . BOOLEAN
    (59) expression -> . VARIABLE EQUAL expression

    ID              shift and go to state 16
    VARIABLE        shift and go to state 18
    MINUS           shift and go to state 19
    INCREMENT       shift and go to state 20
    DECREMENT       shift and go to state 21
    LPAREN          shift and go to state 17
    NUMBER          shift and go to state 22
    STRING          shift and go to state 23
    BOOLEAN         shift and go to state 24

    expression                     shift and go to state 76

state 45

    (43) expression -> expression GREATERTHAN . expression
    (30) expression -> . ID LPAREN argument_list RPAREN
    (31) expression -> . VARIABLE LPAREN argument_list RPAREN
    (35) expression -> . expression PLUS expression
    (36) expression -> . expression MINUS expression
    (37) expression -> . expression TIMES expression
    (38) expression -> . expression DIVIDE expression
    (39) expression -> . expression MODULE expression
    (40) expression -> . expression DOT expression
    (41) expression -> . expression ISEQUAL expression
    (42) expression -> . expression NOTISEQUAL expression
    (43) expression -> . expression GREATERTHAN expression
    (44) expression -> . expression LESSTHAN expression
    (45) expression -> . expression GREATERTHANEQUAL expression
    (46) expression -> . expression LESSEQUAL expression
    (47) expression -> . expression AND expression
    (48) expression -> . expression OR expression
    (49) expression -> . MINUS expression
    (50) expression -> . VARIABLE INCREMENT
    (51) expression -> . VARIABLE DECREMENT
    (52) expression -> . INCREMENT VARIABLE
    (53) expression -> . DECREMENT VARIABLE
    (54) expression -> . LPAREN expression RPAREN
    (55) expression -> . NUMBER
    (56) expression -> . VARIABLE
    (57) expression -> . STRING
    (58) expression -> . BOOLEAN
    (59) expression -> . VARIABLE EQUAL expression

    ID              shift and go to state 16
    VARIABLE        shift and go to state 18
    MINUS           shift and go to state 19
    INCREMENT       shift and go to state 20
    DECREMENT       shift and go to state 21
    LPAREN          shift and go to state 17
    NUMBER          shift and go to state 22
    STRING          shift and go to state 23
    BOOLEAN         shift and go to state 24

    expression                     shift and go to state 77

state 46

    (44) expression -> expression LESSTHAN . expression
    (30) expression -> . ID LPAREN argument_list RPAREN
    (31) expression -> . VARIABLE LPAREN argument_list RPAREN
    (35) expression -> . expression PLUS expression
    (36) expression -> . expression MINUS expression
    (37) expression -> . expression TIMES expression
    (38) expression -> . expression DIVIDE expression
    (39) expression -> . expression MODULE expression
    (40) expression -> . expression DOT expression
    (41) expression -> . expression ISEQUAL expression
    (42) expression -> . expression NOTISEQUAL expression
    (43) expression -> . expression GREATERTHAN expression
    (44) expression -> . expression LESSTHAN expression
    (45) expression -> . expression GREATERTHANEQUAL expression
    (46) expression -> . expression LESSEQUAL expression
    (47) expression -> . expression AND expression
    (48) expression -> . expression OR expression
    (49) expression -> . MINUS expression
    (50) expression -> . VARIABLE INCREMENT
    (51) expression -> . VARIABLE DECREMENT
    (52) expression -> . INCREMENT VARIABLE
    (53) expression -> . DECREMENT VARIABLE
    (54) expression -> . LPAREN expression RPAREN
    (55) expression -> . NUMBER
    (56) expression -> . VARIABLE
    (57) expression -> . STRING
    (58) expression -> . BOOLEAN
    (59) expression -> . VARIABLE EQUAL expression

    ID              shift and go to state 16
    VARIABLE        shift and go to state 18
    MINUS           shift and go to state 19
    INCREMENT       shift and go to state 20
    DECREMENT       shift and go to state 21
    LPAREN          shift and go to state 17
    NUMBER          shift and go to state 22
    STRING          shift and go to state 23
    BOOLEAN         shift and go to state 24

    expression                     shift and go to state 78

state 47

    (45) expression -> expression GREATERTHANEQUAL . expression
    (30) expression -> . ID LPAREN argument_list RPAREN
    (31) expression -> . VARIABLE LPAREN argument_list RPAREN
    (35) expression -> . expression PLUS expression
    (36) expression -> . expression MINUS expression
    (37) expression -> . expression TIMES expression
    (38) expression -> . expression DIVIDE expression
    (39) expression -> . expression MODULE expression
    (40) expression -> . expression DOT expression
    (41) expression -> . expression ISEQUAL expression
    (42) expression -> . expression NOTISEQUAL expression
    (43) expression -> . expression GREATERTHAN expression
    (44) expression -> . expression LESSTHAN expression
    (45) expression -> . expression GREATERTHANEQUAL expression
    (46) expression -> . expression LESSEQUAL expression
    (47) expression -> . expression AND expression
    (48) expression -> . expression OR expression
    (49) expression -> . MINUS expression
    (50) expression -> . VARIABLE INCREMENT
    (51) expression -> . VARIABLE DECREMENT
    (52) expression -> . INCREMENT VARIABLE
    (53) expression -> . DECREMENT VARIABLE
    (54) expression -> . LPAREN expression RPAREN
    (55) expression -> . NUMBER
    (56) expression -> . VARIABLE
    (57) expression -> . STRING
    (58) expression -> . BOOLEAN
    (59) expression -> . VARIABLE EQUAL expression

    ID              shift and go to state 16
    VARIABLE        shift and go to state 18
    MINUS           shift and go to state 19
    INCREMENT       shift and go to state 20
    DECREMENT       shift and go to state 21
    LPAREN          shift and go to state 17
    NUMBER          shift and go to state 22
    STRING          shift and go to state 23
    BOOLEAN         shift and go to state 24

    expression                     shift and go to state 79

state 48

    (46) expression -> expression LESSEQUAL . expression
    (30) expression -> . ID LPAREN argument_list RPAREN
    (31) expression -> . VARIABLE LPAREN argument_list RPAREN
    (35) expression -> . expression PLUS expression
    (36) expression -> . expression MINUS expression
    (37) expression -> . expression TIMES expression
    (38) expression -> . expression DIVIDE expression
    (39) expression -> . expression MODULE expression
    (40) expression -> . expression DOT expression
    (41) expression -> . expression ISEQUAL expression
    (42) expression -> . expression NOTISEQUAL expression
    (43) expression -> . expression GREATERTHAN expression
    (44) expression -> . expression LESSTHAN expression
    (45) expression -> . expression GREATERTHANEQUAL expression
    (46) expression -> . expression LESSEQUAL expression
    (47) expression -> . expression AND expression
    (48) expression -> . expression OR expression
    (49) expression -> . MINUS expression
    (50) expression -> . VARIABLE INCREMENT
    (51) expression -> . VARIABLE DECREMENT
    (52) expression -> . INCREMENT VARIABLE
    (53) expression -> . DECREMENT VARIABLE
    (54) expression -> . LPAREN expression RPAREN
    (55) expression -> . NUMBER
    (56) expression -> . VARIABLE
    (57) expression -> . STRING
    (58) expression -> . BOOLEAN
    (59) expression -> . VARIABLE EQUAL expression

    ID              shift and go to state 16
    VARIABLE        shift and go to state 18
    MINUS           shift and go to state 19
    INCREMENT       shift and go to state 20
    DECREMENT       shift and go to state 21
    LPAREN          shift and go to state 17
    NUMBER          shift and go to state 22
    STRING          shift and go to state 23
    BOOLEAN         shift and go to state 24

    expression                     shift and go to state 80

state 49

    (47) expression -> expression AND . expression
    (30) expression -> . ID LPAREN argument_list RPAREN
    (31) expression -> . VARIABLE LPAREN argument_list RPAREN
    (35) expression -> . expression PLUS expression
    (36) expression -> . expression MINUS expression
    (37) expression -> . expression TIMES expression
    (38) expression -> . expression DIVIDE expression
    (39) expression -> . expression MODULE expression
    (40) expression -> . expression DOT expression
    (41) expression -> . expression ISEQUAL expression
    (42) expression -> . expression NOTISEQUAL expression
    (43) expression -> . expression GREATERTHAN expression
    (44) expression -> . expression LESSTHAN expression
    (45) expression -> . expression GREATERTHANEQUAL expression
    (46) expression -> . expression LESSEQUAL expression
    (47) expression -> . expression AND expression
    (48) expression -> . expression OR expression
    (49) expression -> . MINUS expression
    (50) expression -> . VARIABLE INCREMENT
    (51) expression -> . VARIABLE DECREMENT
    (52) expression -> . INCREMENT VARIABLE
    (53) expression -> . DECREMENT VARIABLE
    (54) expression -> . LPAREN expression RPAREN
    (55) expression -> . NUMBER
    (56) expression -> . VARIABLE
    (57) expression -> . STRING
    (58) expression -> . BOOLEAN
    (59) expression -> . VARIABLE EQUAL expression

    ID              shift and go to state 16
    VARIABLE        shift and go to state 18
    MINUS           shift and go to state 19
    INCREMENT       shift and go to state 20
    DECREMENT       shift and go to state 21
    LPAREN          shift and go to state 17
    NUMBER          shift and go to state 22
    STRING          shift and go to state 23
    BOOLEAN         shift and go to state 24

    expression                     shift and go to state 81

state 50

    (48) expression -> expression OR . expression
    (30) expression -> . ID LPAREN argument_list RPAREN
    (31) expression -> . VARIABLE LPAREN argument_list RPAREN
    (35) expression -> . expression PLUS expression
    (36) expression -> . expression MINUS expression
    (37) expression -> . expression TIMES expression
    (38) expression -> . expression DIVIDE expression
    (39) expression -> . expression MODULE expression
    (40) expression -> . expression DOT expression
    (41) expression -> . expression ISEQUAL expression
    (42) expression -> . expression NOTISEQUAL expression
    (43) expression -> . expression GREATERTHAN expression
    (44) expression -> . expression LESSTHAN expression
    (45) expression -> . expression GREATERTHANEQUAL expression
    (46) expression -> . expression LESSEQUAL expression
    (47) expression -> . expression AND expression
    (48) expression -> . expression OR expression
    (49) expression -> . MINUS expression
    (50) expression -> . VARIABLE INCREMENT
    (51) expression -> . VARIABLE DECREMENT
    (52) expression -> . INCREMENT VARIABLE
    (53) expression -> . DECREMENT VARIABLE
    (54) expression -> . LPAREN expression RPAREN
    (55) expression -> . NUMBER
    (56) expression -> . VARIABLE
    (57) expression -> . STRING
    (58) expression -> . BOOLEAN
    (59) expression -> . VARIABLE EQUAL expression

    ID              shift and go to state 16
    VARIABLE        shift and go to state 18
    MINUS           shift and go to state 19
    INCREMENT       shift and go to state 20
    DECREMENT       shift and go to state 21
    LPAREN          shift and go to state 17
    NUMBER          shift and go to state 22
    STRING          shift and go to state 23
    BOOLEAN         shift and go to state 24

    expression                     shift and go to state 82

state 51

    (18) statement -> RETURN expression . SEMICOLON
    (35) expression -> expression . PLUS expression
    (36) expression -> expression . MINUS expression
    (37) expression -> expression . TIMES expression
    (38) expression -> expression . DIVIDE expression
    (39) expression -> expression . MODULE expression
    (40) expression -> expression . DOT expression
    (41) expression -> expression . ISEQUAL expression
    (42) expression -> expression . NOTISEQUAL expression
    (43) expression -> expression . GREATERTHAN expression
    (44) expression -> expression . LESSTHAN expression
    (45) expression -> expression . GREATERTHANEQUAL expression
    (46) expression -> expression . LESSEQUAL expression
    (47) expression -> expression . AND expression
    (48) expression -> expression . OR expression

    SEMICOLON       shift and go to state 83
    PLUS            shift and go to state 37
    MINUS           shift and go to state 38
    TIMES           shift and go to state 39
    DIVIDE          shift and go to state 40
    MODULE          shift and go to state 41
    DOT             shift and go to state 42
    ISEQUAL         shift and go to state 43
    NOTISEQUAL      shift and go to state 44
    GREATERTHAN     shift and go to state 45
    LESSTHAN        shift and go to state 46
    GREATERTHANEQUAL shift and go to state 47
    LESSEQUAL       shift and go to state 48
    AND             shift and go to state 49
    OR              shift and go to state 50


state 52

    (30) expression -> ID LPAREN . argument_list RPAREN
    (32) argument_list -> . argument_list COMMA expression
    (33) argument_list -> . expression
    (34) argument_list -> . empty
    (30) expression -> . ID LPAREN argument_list RPAREN
    (31) expression -> . VARIABLE LPAREN argument_list RPAREN
    (35) expression -> . expression PLUS expression
    (36) expression -> . expression MINUS expression
    (37) expression -> . expression TIMES expression
    (38) expression -> . expression DIVIDE expression
    (39) expression -> . expression MODULE expression
    (40) expression -> . expression DOT expression
    (41) expression -> . expression ISEQUAL expression
    (42) expression -> . expression NOTISEQUAL expression
    (43) expression -> . expression GREATERTHAN expression
    (44) expression -> . expression LESSTHAN expression
    (45) expression -> . expression GREATERTHANEQUAL expression
    (46) expression -> . expression LESSEQUAL expression
    (47) expression -> . expression AND expression
    (48) expression -> . expression OR expression
    (49) expression -> . MINUS expression
    (50) expression -> . VARIABLE INCREMENT
    (51) expression -> . VARIABLE DECREMENT
    (52) expression -> . INCREMENT VARIABLE
    (53) expression -> . DECREMENT VARIABLE
    (54) expression -> . LPAREN expression RPAREN
    (55) expression -> . NUMBER
    (56) expression -> . VARIABLE
    (57) expression -> . STRING
    (58) expression -> . BOOLEAN
    (59) expression -> . VARIABLE EQUAL expression
    (60) empty -> .

    ID              shift and go to state 16
    VARIABLE        shift and go to state 18
    MINUS           shift and go to state 19
    INCREMENT       shift and go to state 20
    DECREMENT       shift and go to state 21
    LPAREN          shift and go to state 17
    NUMBER          shift and go to state 22
    STRING          shift and go to state 23
    BOOLEAN         shift and go to state 24
    RPAREN          reduce using rule 60 (empty -> .)
    COMMA           reduce using rule 60 (empty -> .)

    argument_list                  shift and go to state 84
    expression                     shift and go to state 85
    empty                          shift and go to state 86

state 53

    (54) expression -> LPAREN expression . RPAREN
    (35) expression -> expression . PLUS expression
    (36) expression -> expression . MINUS expression
    (37) expression -> expression . TIMES expression
    (38) expression -> expression . DIVIDE expression
    (39) expression -> expression . MODULE expression
    (40) expression -> expression . DOT expression
    (41) expression -> expression . ISEQUAL expression
    (42) expression -> expression . NOTISEQUAL expression
    (43) expression -> expression . GREATERTHAN expression
    (44) expression -> expression . LESSTHAN expression
    (45) expression -> expression . GREATERTHANEQUAL expression
    (46) expression -> expression . LESSEQUAL expression
    (47) expression -> expression . AND expression
    (48) expression -> expression . OR expression

    RPAREN          shift and go to state 87
    PLUS            shift and go to state 37
    MINUS           shift and go to state 38
    TIMES           shift and go to state 39
    DIVIDE          shift and go to state 40
    MODULE          shift and go to state 41
    DOT             shift and go to state 42
    ISEQUAL         shift and go to state 43
    NOTISEQUAL      shift and go to state 44
    GREATERTHAN     shift and go to state 45
    LESSTHAN        shift and go to state 46
    GREATERTHANEQUAL shift and go to state 47
    LESSEQUAL       shift and go to state 48
    AND             shift and go to state 49
    OR              shift and go to state 50


state 54

    (31) expression -> VARIABLE LPAREN . argument_list RPAREN
    (32) argument_list -> . argument_list COMMA expression
    (33) argument_list -> . expression
    (34) argument_list -> . empty
    (30) expression -> . ID LPAREN argument_list RPAREN
    (31) expression -> . VARIABLE LPAREN argument_list RPAREN
    (35) expression -> . expression PLUS expression
    (36) expression -> . expression MINUS expression
    (37) expression -> . expression TIMES expression
    (38) expression -> . expression DIVIDE expression
    (39) expression -> . expression MODULE expression
    (40) expression -> . expression DOT expression
    (41) expression -> . expression ISEQUAL expression
    (42) expression -> . expression NOTISEQUAL expression
    (43) expression -> . expression GREATERTHAN expression
    (44) expression -> . expression LESSTHAN expression
    (45) expression -> . expression GREATERTHANEQUAL expression
    (46) expression -> . expression LESSEQUAL expression
    (47) expression -> . expression AND expression
    (48) expression -> . expression OR expression
    (49) expression -> . MINUS expression
    (50) expression -> . VARIABLE INCREMENT
    (51) expression -> . VARIABLE DECREMENT
    (52) expression -> . INCREMENT VARIABLE
    (53) expression -> . DECREMENT VARIABLE
    (54) expression -> . LPAREN expression RPAREN
    (55) expression -> . NUMBER
    (56) expression -> . VARIABLE
    (57) expression -> . STRING
    (58) expression -> . BOOLEAN
    (59) expression -> . VARIABLE EQUAL expression
    (60) empty -> .

    ID              shift and go to state 16
    VARIABLE        shift and go to state 18
    MINUS           shift and go to state 19
    INCREMENT       shift and go to state 20
    DECREMENT       shift and go to state 21
    LPAREN          shift and go to state 17
    NUMBER          shift and go to state 22
    STRING          shift and go to state 23
    BOOLEAN         shift and go to state 24
    RPAREN          reduce using rule 60 (empty -> .)
    COMMA           reduce using rule 60 (empty -> .)

    argument_list                  shift and go to state 88
    expression                     shift and go to state 85
    empty                          shift and go to state 86

state 55

    (50) expression -> VARIABLE INCREMENT .

    SEMICOLON       reduce using rule 50 (expression -> VARIABLE INCREMENT .)
    PLUS            reduce using rule 50 (expression -> VARIABLE INCREMENT .)
    MINUS           reduce using rule 50 (expression -> VARIABLE INCREMENT .)
    TIMES           reduce using rule 50 (expression -> VARIABLE INCREMENT .)
    DIVIDE          reduce using rule 50 (expression -> VARIABLE INCREMENT .)
    MODULE          reduce using rule 50 (expression -> VARIABLE INCREMENT .)
    DOT             reduce using rule 50 (expression -> VARIABLE INCREMENT .)
    ISEQUAL         reduce using rule 50 (expression -> VARIABLE INCREMENT .)
    NOTISEQUAL      reduce using rule 50 (expression -> VARIABLE INCREMENT .)
    GREATERTHAN     reduce using rule 50 (expression -> VARIABLE INCREMENT .)
    LESSTHAN        reduce using rule 50 (expression -> VARIABLE INCREMENT .)
    GREATERTHANEQUAL reduce using rule 50 (expression -> VARIABLE INCREMENT .)
    LESSEQUAL       reduce using rule 50 (expression -> VARIABLE INCREMENT .)
    AND             reduce using rule 50 (expression -> VARIABLE INCREMENT .)
    OR              reduce using rule 50 (expression -> VARIABLE INCREMENT .)
    RPAREN          reduce using rule 50 (expression -> VARIABLE INCREMENT .)
    COMMA           reduce using rule 50 (expression -> VARIABLE INCREMENT .)


state 56

    (51) expression -> VARIABLE DECREMENT .

    SEMICOLON       reduce using rule 51 (expression -> VARIABLE DECREMENT .)
    PLUS            reduce using rule 51 (expression -> VARIABLE DECREMENT .)
    MINUS           reduce using rule 51 (expression -> VARIABLE DECREMENT .)
    TIMES           reduce using rule 51 (expression -> VARIABLE DECREMENT .)
    DIVIDE          reduce using rule 51 (expression -> VARIABLE DECREMENT .)
    MODULE          reduce using rule 51 (expression -> VARIABLE DECREMENT .)
    DOT             reduce using rule 51 (expression -> VARIABLE DECREMENT .)
    ISEQUAL         reduce using rule 51 (expression -> VARIABLE DECREMENT .)
    NOTISEQUAL      reduce using rule 51 (expression -> VARIABLE DECREMENT .)
    GREATERTHAN     reduce using rule 51 (expression -> VARIABLE DECREMENT .)
    LESSTHAN        reduce using rule 51 (expression -> VARIABLE DECREMENT .)
    GREATERTHANEQUAL reduce using rule 51 (expression -> VARIABLE DECREMENT .)
    LESSEQUAL       reduce using rule 51 (expression -> VARIABLE DECREMENT .)
    AND             reduce using rule 51 (expression -> VARIABLE DECREMENT .)
    OR              reduce using rule 51 (expression -> VARIABLE DECREMENT .)
    RPAREN          reduce using rule 51 (expression -> VARIABLE DECREMENT .)
    COMMA           reduce using rule 51 (expression -> VARIABLE DECREMENT .)


state 57

    (59) expression -> VARIABLE EQUAL . expression
    (30) expression -> . ID LPAREN argument_list RPAREN
    (31) expression -> . VARIABLE LPAREN argument_list RPAREN
    (35) expression -> . expression PLUS expression
    (36) expression -> . expression MINUS expression
    (37) expression -> . expression TIMES expression
    (38) expression -> . expression DIVIDE expression
    (39) expression -> . expression MODULE expression
    (40) expression -> . expression DOT expression
    (41) expression -> . expression ISEQUAL expression
    (42) expression -> . expression NOTISEQUAL expression
    (43) expression -> . expression GREATERTHAN expression
    (44) expression -> . expression LESSTHAN expression
    (45) expression -> . expression GREATERTHANEQUAL expression
    (46) expression -> . expression LESSEQUAL expression
    (47) expression -> . expression AND expression
    (48) expression -> . expression OR expression
    (49) expression -> . MINUS expression
    (50) expression -> . VARIABLE INCREMENT
    (51) expression -> . VARIABLE DECREMENT
    (52) expression -> . INCREMENT VARIABLE
    (53) expression -> . DECREMENT VARIABLE
    (54) expression -> . LPAREN expression RPAREN
    (55) expression -> . NUMBER
    (56) expression -> . VARIABLE
    (57) expression -> . STRING
    (58) expression -> . BOOLEAN
    (59) expression -> . VARIABLE EQUAL expression

    ID              shift and go to state 16
    VARIABLE        shift and go to state 18
    MINUS           shift and go to state 19
    INCREMENT       shift and go to state 20
    DECREMENT       shift and go to state 21
    LPAREN          shift and go to state 17
    NUMBER          shift and go to state 22
    STRING          shift and go to state 23
    BOOLEAN         shift and go to state 24

    expression                     shift and go to state 89

state 58

    (49) expression -> MINUS expression .
    (35) expression -> expression . PLUS expression
    (36) expression -> expression . MINUS expression
    (37) expression -> expression . TIMES expression
    (38) expression -> expression . DIVIDE expression
    (39) expression -> expression . MODULE expression
    (40) expression -> expression . DOT expression
    (41) expression -> expression . ISEQUAL expression
    (42) expression -> expression . NOTISEQUAL expression
    (43) expression -> expression . GREATERTHAN expression
    (44) expression -> expression . LESSTHAN expression
    (45) expression -> expression . GREATERTHANEQUAL expression
    (46) expression -> expression . LESSEQUAL expression
    (47) expression -> expression . AND expression
    (48) expression -> expression . OR expression

    SEMICOLON       reduce using rule 49 (expression -> MINUS expression .)
    PLUS            reduce using rule 49 (expression -> MINUS expression .)
    MINUS           reduce using rule 49 (expression -> MINUS expression .)
    TIMES           reduce using rule 49 (expression -> MINUS expression .)
    DIVIDE          reduce using rule 49 (expression -> MINUS expression .)
    MODULE          reduce using rule 49 (expression -> MINUS expression .)
    DOT             reduce using rule 49 (expression -> MINUS expression .)
    ISEQUAL         reduce using rule 49 (expression -> MINUS expression .)
    NOTISEQUAL      reduce using rule 49 (expression -> MINUS expression .)
    GREATERTHAN     reduce using rule 49 (expression -> MINUS expression .)
    LESSTHAN        reduce using rule 49 (expression -> MINUS expression .)
    GREATERTHANEQUAL reduce using rule 49 (expression -> MINUS expression .)
    LESSEQUAL       reduce using rule 49 (expression -> MINUS expression .)
    AND             reduce using rule 49 (expression -> MINUS expression .)
    OR              reduce using rule 49 (expression -> MINUS expression .)
    RPAREN          reduce using rule 49 (expression -> MINUS expression .)
    COMMA           reduce using rule 49 (expression -> MINUS expression .)

  ! PLUS            [ shift and go to state 37 ]
  ! MINUS           [ shift and go to state 38 ]
  ! TIMES           [ shift and go to state 39 ]
  ! DIVIDE          [ shift and go to state 40 ]
  ! MODULE          [ shift and go to state 41 ]
  ! DOT             [ shift and go to state 42 ]
  ! ISEQUAL         [ shift and go to state 43 ]
  ! NOTISEQUAL      [ shift and go to state 44 ]
  ! GREATERTHAN     [ shift and go to state 45 ]
  ! LESSTHAN        [ shift and go to state 46 ]
  ! GREATERTHANEQUAL [ shift and go to state 47 ]
  ! LESSEQUAL       [ shift and go to state 48 ]
  ! AND             [ shift and go to state 49 ]
  ! OR              [ shift and go to state 50 ]


state 59

    (52) expression -> INCREMENT VARIABLE .

    SEMICOLON       reduce using rule 52 (expression -> INCREMENT VARIABLE .)
    PLUS            reduce using rule 52 (expression -> INCREMENT VARIABLE .)
    MINUS           reduce using rule 52 (expression -> INCREMENT VARIABLE .)
    TIMES           reduce using rule 52 (expression -> INCREMENT VARIABLE .)
    DIVIDE          reduce using rule 52 (expression -> INCREMENT VARIABLE .)
    MODULE          reduce using rule 52 (expression -> INCREMENT VARIABLE .)
    DOT             reduce using rule 52 (expression -> INCREMENT VARIABLE .)
    ISEQUAL         reduce using rule 52 (expression -> INCREMENT VARIABLE .)
    NOTISEQUAL      reduce using rule 52 (expression -> INCREMENT VARIABLE .)
    GREATERTHAN     reduce using rule 52 (expression -> INCREMENT VARIABLE .)
    LESSTHAN        reduce using rule 52 (expression -> INCREMENT VARIABLE .)
    GREATERTHANEQUAL reduce using rule 52 (expression -> INCREMENT VARIABLE .)
    LESSEQUAL       reduce using rule 52 (expression -> INCREMENT VARIABLE .)
    AND             reduce using rule 52 (expression -> INCREMENT VARIABLE .)
    OR              reduce using rule 52 (expression -> INCREMENT VARIABLE .)
    RPAREN          reduce using rule 52 (expression -> INCREMENT VARIABLE .)
    COMMA           reduce using rule 52 (expression -> INCREMENT VARIABLE .)


state 60

    (53) expression -> DECREMENT VARIABLE .

    SEMICOLON       reduce using rule 53 (expression -> DECREMENT VARIABLE .)
    PLUS            reduce using rule 53 (expression -> DECREMENT VARIABLE .)
    MINUS           reduce using rule 53 (expression -> DECREMENT VARIABLE .)
    TIMES           reduce using rule 53 (expression -> DECREMENT VARIABLE .)
    DIVIDE          reduce using rule 53 (expression -> DECREMENT VARIABLE .)
    MODULE          reduce using rule 53 (expression -> DECREMENT VARIABLE .)
    DOT             reduce using rule 53 (expression -> DECREMENT VARIABLE .)
    ISEQUAL         reduce using rule 53 (expression -> DECREMENT VARIABLE .)
    NOTISEQUAL      reduce using rule 53 (expression -> DECREMENT VARIABLE .)
    GREATERTHAN     reduce using rule 53 (expression -> DECREMENT VARIABLE .)
    LESSTHAN        reduce using rule 53 (expression -> DECREMENT VARIABLE .)
    GREATERTHANEQUAL reduce using rule 53 (expression -> DECREMENT VARIABLE .)
    LESSEQUAL       reduce using rule 53 (expression -> DECREMENT VARIABLE .)
    AND             reduce using rule 53 (expression -> DECREMENT VARIABLE .)
    OR              reduce using rule 53 (expression -> DECREMENT VARIABLE .)
    RPAREN          reduce using rule 53 (expression -> DECREMENT VARIABLE .)
    COMMA           reduce using rule 53 (expression -> DECREMENT VARIABLE .)


state 61

    (20) if_statement -> IF LPAREN . expression RPAREN statement
    (21) if_statement -> IF LPAREN . expression RPAREN statement ELSE statement
    (30) expression -> . ID LPAREN argument_list RPAREN
    (31) expression -> . VARIABLE LPAREN argument_list RPAREN
    (35) expression -> . expression PLUS expression
    (36) expression -> . expression MINUS expression
    (37) expression -> . expression TIMES expression
    (38) expression -> . expression DIVIDE expression
    (39) expression -> . expression MODULE expression
    (40) expression -> . expression DOT expression
    (41) expression -> . expression ISEQUAL expression
    (42) expression -> . expression NOTISEQUAL expression
    (43) expression -> . expression GREATERTHAN expression
    (44) expression -> . expression LESSTHAN expression
    (45) expression -> . expression GREATERTHANEQUAL expression
    (46) expression -> . expression LESSEQUAL expression
    (47) expression -> . expression AND expression
    (48) expression -> . expression OR expression
    (49) expression -> . MINUS expression
    (50) expression -> . VARIABLE INCREMENT
    (51) expression -> . VARIABLE DECREMENT
    (52) expression -> . INCREMENT VARIABLE
    (53) expression -> . DECREMENT VARIABLE
    (54) expression -> . LPAREN expression RPAREN
    (55) expression -> . NUMBER
    (56) expression -> . VARIABLE
    (57) expression -> . STRING
    (58) expression -> . BOOLEAN
    (59) expression -> . VARIABLE EQUAL expression

    ID              shift and go to state 16
    VARIABLE        shift and go to state 18
    MINUS           shift and go to state 19
    INCREMENT       shift and go to state 20
    DECREMENT       shift and go to state 21
    LPAREN          shift and go to state 17
    NUMBER          shift and go to state 22
    STRING          shift and go to state 23
    BOOLEAN         shift and go to state 24

    expression                     shift and go to state 90

state 62

    (22) for_statement -> FOR LPAREN . expression SEMICOLON expression SEMICOLON expression RPAREN statement
    (30) expression -> . ID LPAREN argument_list RPAREN
    (31) expression -> . VARIABLE LPAREN argument_list RPAREN
    (35) expression -> . expression PLUS expression
    (36) expression -> . expression MINUS expression
    (37) expression -> . expression TIMES expression
    (38) expression -> . expression DIVIDE expression
    (39) expression -> . expression MODULE expression
    (40) expression -> . expression DOT expression
    (41) expression -> . expression ISEQUAL expression
    (42) expression -> . expression NOTISEQUAL expression
    (43) expression -> . expression GREATERTHAN expression
    (44) expression -> . expression LESSTHAN expression
    (45) expression -> . expression GREATERTHANEQUAL expression
    (46) expression -> . expression LESSEQUAL expression
    (47) expression -> . expression AND expression
    (48) expression -> . expression OR expression
    (49) expression -> . MINUS expression
    (50) expression -> . VARIABLE INCREMENT
    (51) expression -> . VARIABLE DECREMENT
    (52) expression -> . INCREMENT VARIABLE
    (53) expression -> . DECREMENT VARIABLE
    (54) expression -> . LPAREN expression RPAREN
    (55) expression -> . NUMBER
    (56) expression -> . VARIABLE
    (57) expression -> . STRING
    (58) expression -> . BOOLEAN
    (59) expression -> . VARIABLE EQUAL expression

    ID              shift and go to state 16
    VARIABLE        shift and go to state 18
    MINUS           shift and go to state 19
    INCREMENT       shift and go to state 20
    DECREMENT       shift and go to state 21
    LPAREN          shift and go to state 17
    NUMBER          shift and go to state 22
    STRING          shift and go to state 23
    BOOLEAN         shift and go to state 24

    expression                     shift and go to state 91

state 63

    (23) while_statement -> WHILE LPAREN . expression RPAREN statement
    (30) expression -> . ID LPAREN argument_list RPAREN
    (31) expression -> . VARIABLE LPAREN argument_list RPAREN
    (35) expression -> . expression PLUS expression
    (36) expression -> . expression MINUS expression
    (37) expression -> . expression TIMES expression
    (38) expression -> . expression DIVIDE expression
    (39) expression -> . expression MODULE expression
    (40) expression -> . expression DOT expression
    (41) expression -> . expression ISEQUAL expression
    (42) expression -> . expression NOTISEQUAL expression
    (43) expression -> . expression GREATERTHAN expression
    (44) expression -> . expression LESSTHAN expression
    (45) expression -> . expression GREATERTHANEQUAL expression
    (46) expression -> . expression LESSEQUAL expression
    (47) expression -> . expression AND expression
    (48) expression -> . expression OR expression
    (49) expression -> . MINUS expression
    (50) expression -> . VARIABLE INCREMENT
    (51) expression -> . VARIABLE DECREMENT
    (52) expression -> . INCREMENT VARIABLE
    (53) expression -> . DECREMENT VARIABLE
    (54) expression -> . LPAREN expression RPAREN
    (55) expression -> . NUMBER
    (56) expression -> . VARIABLE
    (57) expression -> . STRING
    (58) expression -> . BOOLEAN
    (59) expression -> . VARIABLE EQUAL expression

    ID              shift and go to state 16
    VARIABLE        shift and go to state 18
    MINUS           shift and go to state 19
    INCREMENT       shift and go to state 20
    DECREMENT       shift and go to state 21
    LPAREN          shift and go to state 17
    NUMBER          shift and go to state 22
    STRING          shift and go to state 23
    BOOLEAN         shift and go to state 24

    expression                     shift and go to state 92

state 64

    (26) function_declaration -> FUNCTION ID . LPAREN parameter_list RPAREN block

    LPAREN          shift and go to state 93


state 65

    (24) echo_statement -> ECHO expression . SEMICOLON
    (35) expression -> expression . PLUS expression
    (36) expression -> expression . MINUS expression
    (37) expression -> expression . TIMES expression
    (38) expression -> expression . DIVIDE expression
    (39) expression -> expression . MODULE expression
    (40) expression -> expression . DOT expression
    (41) expression -> expression . ISEQUAL expression
    (42) expression -> expression . NOTISEQUAL expression
    (43) expression -> expression . GREATERTHAN expression
    (44) expression -> expression . LESSTHAN expression
    (45) expression -> expression . GREATERTHANEQUAL expression
    (46) expression -> expression . LESSEQUAL expression
    (47) expression -> expression . AND expression
    (48) expression -> expression . OR expression

    SEMICOLON       shift and go to state 94
    PLUS            shift and go to state 37
    MINUS           shift and go to state 38
    TIMES           shift and go to state 39
    DIVIDE          shift and go to state 40
    MODULE          shift and go to state 41
    DOT             shift and go to state 42
    ISEQUAL         shift and go to state 43
    NOTISEQUAL      shift and go to state 44
    GREATERTHAN     shift and go to state 45
    LESSTHAN        shift and go to state 46
    GREATERTHANEQUAL shift and go to state 47
    LESSEQUAL       shift and go to state 48
    AND             shift and go to state 49
    OR              shift and go to state 50


state 66

    (25) print_statement -> PRINT expression . SEMICOLON
    (35) expression -> expression . PLUS expression
    (36) expression -> expression . MINUS expression
    (37) expression -> expression . TIMES expression
    (38) expression -> expression . DIVIDE expression
    (39) expression -> expression . MODULE expression
    (40) expression -> expression . DOT expression
    (41) expression -> expression . ISEQUAL expression
    (42) expression -> expression . NOTISEQUAL expression
    (43) expression -> expression . GREATERTHAN expression
    (44) expression -> expression . LESSTHAN expression
    (45) expression -> expression . GREATERTHANEQUAL expression
    (46) expression -> expression . LESSEQUAL expression
    (47) expression -> expression . AND expression
    (48) expression -> expression . OR expression

    SEMICOLON       shift and go to state 95
    PLUS            shift and go to state 37
    MINUS           shift and go to state 38
    TIMES           shift and go to state 39
    DIVIDE          shift and go to state 40
    MODULE          shift and go to state 41
    DOT             shift and go to state 42
    ISEQUAL         shift and go to state 43
    NOTISEQUAL      shift and go to state 44
    GREATERTHAN     shift and go to state 45
    LESSTHAN        shift and go to state 46
    GREATERTHANEQUAL shift and go to state 47
    LESSEQUAL       shift and go to state 48
    AND             shift and go to state 49
    OR              shift and go to state 50


state 67

    (19) block -> LBLOCK statement_list . RBLOCK
    (8) statement_list -> statement_list . statement
    (10) statement -> . expression SEMICOLON
    (11) statement -> . if_statement
    (12) statement -> . for_statement
    (13) statement -> . while_statement
    (14) statement -> . function_declaration
    (15) statement -> . echo_statement
    (16) statement -> . print_statement
    (17) statement -> . block
    (18) statement -> . RETURN expression SEMICOLON
    (30) expression -> . ID LPAREN argument_list RPAREN
    (31) expression -> . VARIABLE LPAREN argument_list RPAREN
    (35) expression -> . expression PLUS expression
    (36) expression -> . expression MINUS expression
    (37) expression -> . expression TIMES expression
    (38) expression -> . expression DIVIDE expression
    (39) expression -> . expression MODULE expression
    (40) expression -> . expression DOT expression
    (41) expression -> . expression ISEQUAL expression
    (42) expression -> . expression NOTISEQUAL expression
    (43) expression -> . expression GREATERTHAN expression
    (44) expression -> . expression LESSTHAN expression
    (45) expression -> . expression GREATERTHANEQUAL expression
    (46) expression -> . expression LESSEQUAL expression
    (47) expression -> . expression AND expression
    (48) expression -> . expression OR expression
    (49) expression -> . MINUS expression
    (50) expression -> . VARIABLE INCREMENT
    (51) expression -> . VARIABLE DECREMENT
    (52) expression -> . INCREMENT VARIABLE
    (53) expression -> . DECREMENT VARIABLE
    (54) expression -> . LPAREN expression RPAREN
    (55) expression -> . NUMBER
    (56) expression -> . VARIABLE
    (57) expression -> . STRING
    (58) expression -> . BOOLEAN
    (59) expression -> . VARIABLE EQUAL expression
    (20) if_statement -> . IF LPAREN expression RPAREN statement
    (21) if_statement -> . IF LPAREN expression RPAREN statement ELSE statement
    (22) for_statement -> . FOR LPAREN expression SEMICOLON expression SEMICOLON expression RPAREN statement
    (23) while_statement -> . WHILE LPAREN expression RPAREN statement
    (26) function_declaration -> . FUNCTION ID LPAREN parameter_list RPAREN block
    (24) echo_statement -> . ECHO expression SEMICOLON
    (25) print_statement -> . PRINT expression SEMICOLON
    (19) block -> . LBLOCK statement_list RBLOCK

    RBLOCK          shift and go to state 96
    RETURN          shift and go to state 15
    ID              shift and go to state 16
    VARIABLE        shift and go to state 18
    MINUS           shift and go to state 19
    INCREMENT       shift and go to state 20
    DECREMENT       shift and go to state 21
    LPAREN          shift and go to state 17
    NUMBER          shift and go to state 22
    STRING          shift and go to state 23
    BOOLEAN         shift and go to state 24
    IF              shift and go to state 25
    FOR             shift and go to state 26
    WHILE           shift and go to state 27
    FUNCTION        shift and go to state 28
    ECHO            shift and go to state 29
    PRINT           shift and go to state 30
    LBLOCK          shift and go to state 31

    statement                      shift and go to state 35
    expression                     shift and go to state 7
    if_statement                   shift and go to state 8
    for_statement                  shift and go to state 9
    while_statement                shift and go to state 10
    function_declaration           shift and go to state 11
    echo_statement                 shift and go to state 12
    print_statement                shift and go to state 13
    block                          shift and go to state 14

state 68

    (4) segment -> PHP_OPEN statement_list PHP_CLOSE .

    PHP_OPEN        reduce using rule 4 (segment -> PHP_OPEN statement_list PHP_CLOSE .)
    RETURN          reduce using rule 4 (segment -> PHP_OPEN statement_list PHP_CLOSE .)
    ID              reduce using rule 4 (segment -> PHP_OPEN statement_list PHP_CLOSE .)
    VARIABLE        reduce using rule 4 (segment -> PHP_OPEN statement_list PHP_CLOSE .)
    MINUS           reduce using rule 4 (segment -> PHP_OPEN statement_list PHP_CLOSE .)
    INCREMENT       reduce using rule 4 (segment -> PHP_OPEN statement_list PHP_CLOSE .)
    DECREMENT       reduce using rule 4 (segment -> PHP_OPEN statement_list PHP_CLOSE .)
    LPAREN          reduce using rule 4 (segment -> PHP_OPEN statement_list PHP_CLOSE .)
    NUMBER          reduce using rule 4 (segment -> PHP_OPEN statement_list PHP_CLOSE .)
    STRING          reduce using rule 4 (segment -> PHP_OPEN statement_list PHP_CLOSE .)
    BOOLEAN         reduce using rule 4 (segment -> PHP_OPEN statement_list PHP_CLOSE .)
    IF              reduce using rule 4 (segment -> PHP_OPEN statement_list PHP_CLOSE .)
    FOR             reduce using rule 4 (segment -> PHP_OPEN statement_list PHP_CLOSE .)
    WHILE           reduce using rule 4 (segment -> PHP_OPEN statement_list PHP_CLOSE .)
    FUNCTION        reduce using rule 4 (segment -> PHP_OPEN statement_list PHP_CLOSE .)
    ECHO            reduce using rule 4 (segment -> PHP_OPEN statement_list PHP_CLOSE .)
    PRINT           reduce using rule 4 (segment -> PHP_OPEN statement_list PHP_CLOSE .)
    LBLOCK          reduce using rule 4 (segment -> PHP_OPEN statement_list PHP_CLOSE .)
    $end            reduce using rule 4 (segment -> PHP_OPEN statement_list PHP_CLOSE .)


state 69

    (35) expression -> expression PLUS expression .
    (35) expression -> expression . PLUS expression
    (36) expression -> expression . MINUS expression
    (37) expression -> expression . TIMES expression
    (38) expression -> expression . DIVIDE expression
    (39) expression -> expression . MODULE expression
    (40) expression -> expression . DOT expression
    (41) expression -> expression . ISEQUAL expression
    (42) expression -> expression . NOTISEQUAL expression
    (43) expression -> expression . GREATERTHAN expression
    (44) expression -> expression . LESSTHAN expression
    (45) expression -> expression . GREATERTHANEQUAL expression
    (46) expression -> expression . LESSEQUAL expression
    (47) expression -> expression . AND expression
    (48) expression -> expression . OR expression

    SEMICOLON       reduce using rule 35 (expression -> expression PLUS expression .)
    PLUS            reduce using rule 35 (expression -> expression PLUS expression .)
    MINUS           reduce using rule 35 (expression -> expression PLUS expression .)
    DOT             reduce using rule 35 (expression -> expression PLUS expression .)
    ISEQUAL         reduce using rule 35 (expression -> expression PLUS expression .)
    NOTISEQUAL      reduce using rule 35 (expression -> expression PLUS expression .)
    GREATERTHAN     reduce using rule 35 (expression -> expression PLUS expression .)
    LESSTHAN        reduce using rule 35 (expression -> expression PLUS expression .)
    GREATERTHANEQUAL reduce using rule 35 (expression -> expression PLUS expression .)
    LESSEQUAL       reduce using rule 35 (expression -> expression PLUS expression .)
    AND             reduce using rule 35 (expression -> expression PLUS expression .)
    OR              reduce using rule 35 (expression -> expression PLUS expression .)
    RPAREN          reduce using rule 35 (expression -> expression PLUS expression .)
    COMMA           reduce using rule 35 (expression -> expression PLUS expression .)
    TIMES           shift and go to state 39
    DIVIDE          shift and go to state 40
    MODULE          shift and go to state 41

  ! TIMES           [ reduce using rule 35 (expression -> expression PLUS expression .) ]
  ! DIVIDE          [ reduce using rule 35 (expression -> expression PLUS expression .) ]
  ! MODULE          [ reduce using rule 35 (expression -> expression PLUS expression .) ]
  ! PLUS            [ shift and go to state 37 ]
  ! MINUS           [ shift and go to state 38 ]
  ! DOT             [ shift and go to state 42 ]
  ! ISEQUAL         [ shift and go to state 43 ]
  ! NOTISEQUAL      [ shift and go to state 44 ]
  ! GREATERTHAN     [ shift and go to state 45 ]
  ! LESSTHAN        [ shift and go to state 46 ]
  ! GREATERTHANEQUAL [ shift and go to state 47 ]
  ! LESSEQUAL       [ shift and go to state 48 ]
  ! AND             [ shift and go to state 49 ]
  ! OR              [ shift and go to state 50 ]


state 70

    (36) expression -> expression MINUS expression .
    (35) expression -> expression . PLUS expression
    (36) expression -> expression . MINUS expression
    (37) expression -> expression . TIMES expression
    (38) expression -> expression . DIVIDE expression
    (39) expression -> expression . MODULE expression
    (40) expression -> expression . DOT expression
    (41) expression -> expression . ISEQUAL expression
    (42) expression -> expression . NOTISEQUAL expression
    (43) expression -> expression . GREATERTHAN expression
    (44) expression -> expression . LESSTHAN expression
    (45) expression -> expression . GREATERTHANEQUAL expression
    (46) expression -> expression . LESSEQUAL expression
    (47) expression -> expression . AND expression
    (48) expression -> expression . OR expression

    SEMICOLON       reduce using rule 36 (expression -> expression MINUS expression .)
    PLUS            reduce using rule 36 (expression -> expression MINUS expression .)
    MINUS           reduce using rule 36 (expression -> expression MINUS expression .)
    DOT             reduce using rule 36 (expression -> expression MINUS expression .)
    ISEQUAL         reduce using rule 36 (expression -> expression MINUS expression .)
    NOTISEQUAL      reduce using rule 36 (expression -> expression MINUS expression .)
    GREATERTHAN     reduce using rule 36 (expression -> expression MINUS expression .)
    LESSTHAN        reduce using rule 36 (expression -> expression MINUS expression .)
    GREATERTHANEQUAL reduce using rule 36 (expression -> expression MINUS expression .)
    LESSEQUAL       reduce using rule 36 (expression -> expression MINUS expression .)
    AND             reduce using rule 36 (expression -> expression MINUS expression .)
    OR              reduce using rule 36 (expression -> expression MINUS expression .)
    RPAREN          reduce using rule 36 (expression -> expression MINUS expression .)
    COMMA           reduce using rule 36 (expression -> expression MINUS expression .)
    TIMES           shift and go to state 39
    DIVIDE          shift and go to state 40
    MODULE          shift and go to state 41

  ! TIMES           [ reduce using rule 36 (expression -> expression MINUS expression .) ]
  ! DIVIDE          [ reduce using rule 36 (expression -> expression MINUS expression .) ]
  ! MODULE          [ reduce using rule 36 (expression -> expression MINUS expression .) ]
  ! PLUS            [ shift and go to state 37 ]
  ! MINUS           [ shift and go to state 38 ]
  ! DOT             [ shift and go to state 42 ]
  ! ISEQUAL         [ shift and go to state 43 ]
  ! NOTISEQUAL      [ shift and go to state 44 ]
  ! GREATERTHAN     [ shift and go to state 45 ]
  ! LESSTHAN        [ shift and go to state 46 ]
  ! GREATERTHANEQUAL [ shift and go to state 47 ]
  ! LESSEQUAL       [ shift and go to state 48 ]
  ! AND             [ shift and go to state 49 ]
  ! OR              [ shift and go to state 50 ]


state 71

    (37) expression -> expression TIMES expression .
    (35) expression -> expression . PLUS expression
    (36) expression -> expression . MINUS expression
    (37) expression -> expression . TIMES expression
    (38) expression -> expression . DIVIDE expression
    (39) expression -> expression . MODULE expression
    (40) expression -> expression . DOT expression
    (41) expression -> expression . ISEQUAL expression
    (42) expression -> expression . NOTISEQUAL expression
    (43) expression -> expression . GREATERTHAN expression
    (44) expression -> expression . LESSTHAN expression
    (45) expression -> expression . GREATERTHANEQUAL expression
    (46) expression -> expression . LESSEQUAL expression
    (47) expression -> expression . AND expression
    (48) expression -> expression . OR expression

    SEMICOLON       reduce using rule 37 (expression -> expression TIMES expression .)
    PLUS            reduce using rule 37 (expression -> expression TIMES expression .)
    MINUS           reduce using rule 37 (expression -> expression TIMES expression .)
    TIMES           reduce using rule 37 (expression -> expression TIMES expression .)
    DIVIDE          reduce using rule 37 (expression -> expression TIMES expression .)
    MODULE          reduce using rule 37 (expression -> expression TIMES expression .)
    DOT             reduce using rule 37 (expression -> expression TIMES expression .)
    ISEQUAL         reduce using rule 37 (expression -> expression TIMES expression .)
    NOTISEQUAL      reduce using rule 37 (expression -> expression TIMES expression .)
    GREATERTHAN     reduce using rule 37 (expression -> expression TIMES expression .)
    LESSTHAN        reduce using rule 37 (expression -> expression TIMES expression .)
    GREATERTHANEQUAL reduce using rule 37 (expression -> expression TIMES expression .)
    LESSEQUAL       reduce using rule 37 (expression -> expression TIMES expression .)
    AND             reduce using rule 37 (expression -> expression TIMES expression .)
    OR              reduce using rule 37 (expression -> expression TIMES expression .)
    RPAREN          reduce using rule 37 (expression -> expression TIMES expression .)
    COMMA           reduce using rule 37 (expression -> expression TIMES expression .)

  ! PLUS            [ shift and go to state 37 ]
  ! MINUS           [ shift and go to state 38 ]
  ! TIMES           [ shift and go to state 39 ]
  ! DIVIDE          [ shift and go to state 40 ]
  ! MODULE          [ shift and go to state 41 ]
  ! DOT             [ shift and go to state 42 ]
  ! ISEQUAL         [ shift and go to state 43 ]
  ! NOTISEQUAL      [ shift and go to state 44 ]
  ! GREATERTHAN     [ shift and go to state 45 ]
  ! LESSTHAN        [ shift and go to state 46 ]
  ! GREATERTHANEQUAL [ shift and go to state 47 ]
  ! LESSEQUAL       [ shift and go to state 48 ]
  ! AND             [ shift and go to state 49 ]
  ! OR              [ shift and go to state 50 ]


state 72

    (38) expression -> expression DIVIDE expression .
    (35) expression -> expression . PLUS expression
    (36) expression -> expression . MINUS expression
    (37) expression -> expression . TIMES expression
    (38) expression -> expression . DIVIDE expression
    (39) expression -> expression . MODULE expression
    (40) expression -> expression . DOT expression
    (41) expression -> expression . ISEQUAL expression
    (42) expression -> expression . NOTISEQUAL expression
    (43) expression -> expression . GREATERTHAN expression
    (44) expression -> expression . LESSTHAN expression
    (45) expression -> expression . GREATERTHANEQUAL expression
    (46) expression -> expression . LESSEQUAL expression
    (47) expression -> expression . AND expression
    (48) expression -> expression . OR expression

    SEMICOLON       reduce using rule 38 (expression -> expression DIVIDE expression .)
    PLUS            reduce using rule 38 (expression -> expression DIVIDE expression .)
    MINUS           reduce using rule 38 (expression -> expression DIVIDE expression .)
    TIMES           reduce using rule 38 (expression -> expression DIVIDE expression .)
    DIVIDE          reduce using rule 38 (expression -> expression DIVIDE expression .)
    MODULE          reduce using rule 38 (expression -> expression DIVIDE expression .)
    DOT             reduce using rule 38 (expression -> expression DIVIDE expression .)
    ISEQUAL         reduce using rule 38 (expression -> expression DIVIDE expression .)
    NOTISEQUAL      reduce using rule 38 (expression -> expression DIVIDE expression .)
    GREATERTHAN     reduce using rule 38 (expression -> expression DIVIDE expression .)
    LESSTHAN        reduce using rule 38 (expression -> expression DIVIDE expression .)
    GREATERTHANEQUAL reduce using rule 38 (expression -> expression DIVIDE expression .)
    LESSEQUAL       reduce using rule 38 (expression -> expression DIVIDE expression .)
    AND             reduce using rule 38 (expression -> expression DIVIDE expression .)
    OR              reduce using rule 38 (expression -> expression DIVIDE expression .)
    RPAREN          reduce using rule 38 (expression -> expression DIVIDE expression .)
    COMMA           reduce using rule 38 (expression -> expression DIVIDE expression .)

  ! PLUS            [ shift and go to state 37 ]
  ! MINUS           [ shift and go to state 38 ]
  ! TIMES           [ shift and go to state 39 ]
  ! DIVIDE          [ shift and go to state 40 ]
  ! MODULE          [ shift and go to state 41 ]
  ! DOT             [ shift and go to state 42 ]
  ! ISEQUAL         [ shift and go to state 43 ]
  ! NOTISEQUAL      [ shift and go to state 44 ]
  ! GREATERTHAN     [ shift and go to state 45 ]
  ! LESSTHAN        [ shift and go to state 46 ]
  ! GREATERTHANEQUAL [ shift and go to state 47 ]
  ! LESSEQUAL       [ shift and go to state 48 ]
  ! AND             [ shift and go to state 49 ]
  ! OR              [ shift and go to state 50 ]


state 73

    (39) expression -> expression MODULE expression .
    (35) expression -> expression . PLUS expression
    (36) expression -> expression . MINUS expression
    (37) expression -> expression . TIMES expression
    (38) expression -> expression . DIVIDE expression
    (39) expression -> expression . MODULE expression
    (40) expression -> expression . DOT expression
    (41) expression -> expression . ISEQUAL expression
    (42) expression -> expression . NOTISEQUAL expression
    (43) expression -> expression . GREATERTHAN expression
    (44) expression -> expression . LESSTHAN expression
    (45) expression -> expression . GREATERTHANEQUAL expression
    (46) expression -> expression . LESSEQUAL expression
    (47) expression -> expression . AND expression
    (48) expression -> expression . OR expression

    SEMICOLON       reduce using rule 39 (expression -> expression MODULE expression .)
    PLUS            reduce using rule 39 (expression -> expression MODULE expression .)
    MINUS           reduce using rule 39 (expression -> expression MODULE expression .)
    TIMES           reduce using rule 39 (expression -> expression MODULE expression .)
    DIVIDE          reduce using rule 39 (expression -> expression MODULE expression .)
    MODULE          reduce using rule 39 (expression -> expression MODULE expression .)
    DOT             reduce using rule 39 (expression -> expression MODULE expression .)
    ISEQUAL         reduce using rule 39 (expression -> expression MODULE expression .)
    NOTISEQUAL      reduce using rule 39 (expression -> expression MODULE expression .)
    GREATERTHAN     reduce using rule 39 (expression -> expression MODULE expression .)
    LESSTHAN        reduce using rule 39 (expression -> expression MODULE expression .)
    GREATERTHANEQUAL reduce using rule 39 (expression -> expression MODULE expression .)
    LESSEQUAL       reduce using rule 39 (expression -> expression MODULE expression .)
    AND             reduce using rule 39 (expression -> expression MODULE expression .)
    OR              reduce using rule 39 (expression -> expression MODULE expression .)
    RPAREN          reduce using rule 39 (expression -> expression MODULE expression .)
    COMMA           reduce using rule 39 (expression -> expression MODULE expression .)

  ! PLUS            [ shift and go to state 37 ]
  ! MINUS           [ shift and go to state 38 ]
  ! TIMES           [ shift and go to state 39 ]
  ! DIVIDE          [ shift and go to state 40 ]
  ! MODULE          [ shift and go to state 41 ]
  ! DOT             [ shift and go to state 42 ]
  ! ISEQUAL         [ shift and go to state 43 ]
  ! NOTISEQUAL      [ shift and go to state 44 ]
  ! GREATERTHAN     [ shift and go to state 45 ]
  ! LESSTHAN        [ shift and go to state 46 ]
  ! GREATERTHANEQUAL [ shift and go to state 47 ]
  ! LESSEQUAL       [ shift and go to state 48 ]
  ! AND             [ shift and go to state 49 ]
  ! OR              [ shift and go to state 50 ]


state 74

    (40) expression -> expression DOT expression .
    (35) expression -> expression . PLUS expression
    (36) expression -> expression . MINUS expression
    (37) expression -> expression . TIMES expression
    (38) expression -> expression . DIVIDE expression
    (39) expression -> expression . MODULE expression
    (40) expression -> expression . DOT expression
    (41) expression -> expression . ISEQUAL expression
    (42) expression -> expression . NOTISEQUAL expression
    (43) expression -> expression . GREATERTHAN expression
    (44) expression -> expression . LESSTHAN expression
    (45) expression -> expression . GREATERTHANEQUAL expression
    (46) expression -> expression . LESSEQUAL expression
    (47) expression -> expression . AND expression
    (48) expression -> expression . OR expression

    SEMICOLON       reduce using rule 40 (expression -> expression DOT expression .)
    DOT             reduce using rule 40 (expression -> expression DOT expression .)
    ISEQUAL         reduce using rule 40 (expression -> expression DOT expression .)
    NOTISEQUAL      reduce using rule 40 (expression -> expression DOT expression .)
    GREATERTHAN     reduce using rule 40 (expression -> expression DOT expression .)
    LESSTHAN        reduce using rule 40 (expression -> expression DOT expression .)
    GREATERTHANEQUAL reduce using rule 40 (expression -> expression DOT expression .)
    LESSEQUAL       reduce using rule 40 (expression -> expression DOT expression .)
    AND             reduce using rule 40 (expression -> expression DOT expression .)
    OR              reduce using rule 40 (expression -> expression DOT expression .)
    RPAREN          reduce using rule 40 (expression -> expression DOT expression .)
    COMMA           reduce using rule 40 (expression -> expression DOT expression .)
    PLUS            shift and go to state 37
    MINUS           shift and go to state 38
    TIMES           shift and go to state 39
    DIVIDE          shift and go to state 40
    MODULE          shift and go to state 41

  ! PLUS            [ reduce using rule 40 (expression -> expression DOT expression .) ]
  ! MINUS           [ reduce using rule 40 (expression -> expression DOT expression .) ]
  ! TIMES           [ reduce using rule 40 (expression -> expression DOT expression .) ]
  ! DIVIDE          [ reduce using rule 40 (expression -> expression DOT expression .) ]
  ! MODULE          [ reduce using rule 40 (expression -> expression DOT expression .) ]
  ! DOT             [ shift and go to state 42 ]
  ! ISEQUAL         [ shift and go to state 43 ]
  ! NOTISEQUAL      [ shift and go to state 44 ]
  ! GREATERTHAN     [ shift and go to state 45 ]
  ! LESSTHAN        [ shift and go to state 46 ]
  ! GREATERTHANEQUAL [ shift and go to state 47 ]
  ! LESSEQUAL       [ shift and go to state 48 ]
  ! AND             [ shift and go to state 49 ]
  ! OR              [ shift and go to state 50 ]


state 75

    (41) expression -> expression ISEQUAL expression .
    (35) expression -> expression . PLUS expression
    (36) expression -> expression . MINUS expression
    (37) expression -> expression . TIMES expression
    (38) expression -> expression . DIVIDE expression
    (39) expression -> expression . MODULE expression
    (40) expression -> expression . DOT expression
    (41) expression -> expression . ISEQUAL expression
    (42) expression -> expression . NOTISEQUAL expression
    (43) expression -> expression . GREATERTHAN expression
    (44) expression -> expression . LESSTHAN expression
    (45) expression -> expression . GREATERTHANEQUAL expression
    (46) expression -> expression . LESSEQUAL expression
    (47) expression -> expression . AND expression
    (48) expression -> expression . OR expression

    SEMICOLON       reduce using rule 41 (expression -> expression ISEQUAL expression .)
    ISEQUAL         reduce using rule 41 (expression -> expression ISEQUAL expression .)
    NOTISEQUAL      reduce using rule 41 (expression -> expression ISEQUAL expression .)
    GREATERTHAN     reduce using rule 41 (expression -> expression ISEQUAL expression .)
    LESSTHAN        reduce using rule 41 (expression -> expression ISEQUAL expression .)
    GREATERTHANEQUAL reduce using rule 41 (expression -> expression ISEQUAL expression .)
    LESSEQUAL       reduce using rule 41 (expression -> expression ISEQUAL expression .)
    AND             reduce using rule 41 (expression -> expression ISEQUAL expression .)
    OR              reduce using rule 41 (expression -> expression ISEQUAL expression .)
    RPAREN          reduce using rule 41 (expression -> expression ISEQUAL expression .)
    COMMA           reduce using rule 41 (expression -> expression ISEQUAL expression .)
    PLUS            shift and go to state 37
    MINUS           shift and go to state 38
    TIMES           shift and go to state 39
    DIVIDE          shift and go to state 40
    MODULE          shift and go to state 41
    DOT             shift and go to state 42

  ! PLUS            [ reduce using rule 41 (expression -> expression ISEQUAL expression .) ]
  ! MINUS           [ reduce using rule 41 (expression -> expression ISEQUAL expression .) ]
  ! TIMES           [ reduce using rule 41 (expression -> expression ISEQUAL expression .) ]
  ! DIVIDE          [ reduce using rule 41 (expression -> expression ISEQUAL expression .) ]
  ! MODULE          [ reduce using rule 41 (expression -> expression ISEQUAL expression .) ]
  ! DOT             [ reduce using rule 41 (expression -> expression ISEQUAL expression .) ]
  ! ISEQUAL         [ shift and go to state 43 ]
  ! NOTISEQUAL      [ shift and go to state 44 ]
  ! GREATERTHAN     [ shift and go to state 45 ]
  ! LESSTHAN        [ shift and go to state 46 ]
  ! GREATERTHANEQUAL [ shift and go to state 47 ]
  ! LESSEQUAL       [ shift and go to state 48 ]
  ! AND             [ shift and go to state 49 ]
  ! OR              [ shift and go to state 50 ]


state 76

    (42) expression -> expression NOTISEQUAL expression .
    (35) expression -> expression . PLUS expression
    (36) expression -> expression . MINUS expression
    (37) expression -> expression . TIMES expression
    (38) expression -> expression . DIVIDE expression
    (39) expression -> expression . MODULE expression
    (40) expression -> expression . DOT expression
    (41) expression -> expression . ISEQUAL expression
    (42) expression -> expression . NOTISEQUAL expression
    (43) expression -> expression . GREATERTHAN expression
    (44) expression -> expression . LESSTHAN expression
    (45) expression -> expression . GREATERTHANEQUAL expression
    (46) expression -> expression . LESSEQUAL expression
    (47) expression -> expression . AND expression
    (48) expression -> expression . OR expression

    SEMICOLON       reduce using rule 42 (expression -> expression NOTISEQUAL expression .)
    ISEQUAL         reduce using rule 42 (expression -> expression NOTISEQUAL expression .)
    NOTISEQUAL      reduce using rule 42 (expression -> expression NOTISEQUAL expression .)
    GREATERTHAN     reduce using rule 42 (expression -> expression NOTISEQUAL expression .)
    LESSTHAN        reduce using rule 42 (expression -> expression NOTISEQUAL expression .)
    GREATERTHANEQUAL reduce using rule 42 (expression -> expression NOTISEQUAL expression .)
    LESSEQUAL       reduce using rule 42 (expression -> expression NOTISEQUAL expression .)
    AND             reduce using rule 42 (expression -> expression NOTISEQUAL expression .)
    OR              reduce using rule 42 (expression -> expression NOTISEQUAL expression .)
    RPAREN          reduce using rule 42 (expression -> expression NOTISEQUAL expression .)
    COMMA           reduce using rule 42 (expression -> expression NOTISEQUAL expression .)
    PLUS            shift and go to state 37
    MINUS           shift and go to state 38
    TIMES           shift and go to state 39
    DIVIDE          shift and go to state 40
    MODULE          shift and go to state 41
    DOT             shift and go to state 42

  ! PLUS            [ reduce using rule 42 (expression -> expression NOTISEQUAL expression .) ]
  ! MINUS           [ reduce using rule 42 (expression -> expression NOTISEQUAL expression .) ]
  ! TIMES           [ reduce using rule 42 (expression -> expression NOTISEQUAL expression .) ]
  ! DIVIDE          [ reduce using rule 42 (expression -> expression NOTISEQUAL expression .) ]
  ! MODULE          [ reduce using rule 42 (expression -> expression NOTISEQUAL expression .) ]
  ! DOT             [ reduce using rule 42 (expression -> expression NOTISEQUAL expression .) ]
  ! ISEQUAL         [ shift and go to state 43 ]
  ! NOTISEQUAL      [ shift and go to state 44 ]
  ! GREATERTHAN     [ shift and go to state 45 ]
  ! LESSTHAN        [ shift and go to state 46 ]
  ! GREATERTHANEQUAL [ shift and go to state 47 ]
  ! LESSEQUAL       [ shift and go to state 48 ]
  ! AND             [ shift and go to state 49 ]
  ! OR              [ shift and go to state 50 ]


state 77

    (43) expression -> expression GREATERTHAN expression .
    (35) expression -> expression . PLUS expression
    (36) expression -> expression . MINUS expression
    (37) expression -> expression . TIMES expression
    (38) expression -> expression . DIVIDE expression
    (39) expression -> expression . MODULE expression
    (40) expression -> expression . DOT expression
    (41) expression -> expression . ISEQUAL expression
    (42) expression -> expression . NOTISEQUAL expression
    (43) expression -> expression . GREATERTHAN expression
    (44) expression -> expression . LESSTHAN expression
    (45) expression -> expression . GREATERTHANEQUAL expression
    (46) expression -> expression . LESSEQUAL expression
    (47) expression -> expression . AND expression
    (48) expression -> expression . OR expression

    SEMICOLON       reduce using rule 43 (expression -> expression GREATERTHAN expression .)
    ISEQUAL         reduce using rule 43 (expression -> expression GREATERTHAN expression .)
    NOTISEQUAL      reduce using rule 43 (expression -> expression GREATERTHAN expression .)
    GREATERTHAN     reduce using rule 43 (expression -> expression GREATERTHAN expression .)
    LESSTHAN        reduce using rule 43 (expression -> expression GREATERTHAN expression .)
    GREATERTHANEQUAL reduce using rule 43 (expression -> expression GREATERTHAN expression .)
    LESSEQUAL       reduce using rule 43 (expression -> expression GREATERTHAN expression .)
    AND             reduce using rule 43 (expression -> expression GREATERTHAN expression .)
    OR              reduce using rule 43 (expression -> expression GREATERTHAN expression .)
    RPAREN          reduce using rule 43 (expression -> expression GREATERTHAN expression .)
    COMMA           reduce using rule 43 (expression -> expression GREATERTHAN expression .)
    PLUS            shift and go to state 37
    MINUS           shift and go to state 38
    TIMES           shift and go to state 39
    DIVIDE          shift and go to state 40
    MODULE          shift and go to state 41
    DOT             shift and go to state 42

  ! PLUS            [ reduce using rule 43 (expression -> expression GREATERTHAN expression .) ]
  ! MINUS           [ reduce using rule 43 (expression -> expression GREATERTHAN expression .) ]
  ! TIMES           [ reduce using rule 43 (expression -> expression GREATERTHAN expression .) ]
  ! DIVIDE          [ reduce using rule 43 (expression -> expression GREATERTHAN expression .) ]
  ! MODULE          [ reduce using rule 43 (expression -> expression GREATERTHAN expression .) ]
  ! DOT             [ reduce using rule 43 (expression -> expression GREATERTHAN expression .) ]
  ! ISEQUAL         [ shift and go to state 43 ]
  ! NOTISEQUAL      [ shift and go to state 44 ]
  ! GREATERTHAN     [ shift and go to state 45 ]
  ! LESSTHAN        [ shift and go to state 46 ]
  ! GREATERTHANEQUAL [ shift and go to state 47 ]
  ! LESSEQUAL       [ shift and go to state 48 ]
  ! AND             [ shift and go to state 49 ]
  ! OR              [ shift and go to state 50 ]


state 78

    (44) expression -> expression LESSTHAN expression .
    (35) expression -> expression . PLUS expression
    (36) expression -> expression . MINUS expression
    (37) expression -> expression . TIMES expression
    (38) expression -> expression . DIVIDE expression
    (39) expression -> expression . MODULE expression
    (40) expression -> expression . DOT expression
    (41) expression -> expression . ISEQUAL expression
    (42) expression -> expression . NOTISEQUAL expression
    (43) expression -> expression . GREATERTHAN expression
    (44) expression -> expression . LESSTHAN expression
    (45) expression -> expression . GREATERTHANEQUAL expression
    (46) expression -> expression . LESSEQUAL expression
    (47) expression -> expression . AND expression
    (48) expression -> expression . OR expression

    SEMICOLON       reduce using rule 44 (expression -> expression LESSTHAN expression .)
    ISEQUAL         reduce using rule 44 (expression -> expression LESSTHAN expression .)
    NOTISEQUAL      reduce using rule 44 (expression -> expression LESSTHAN expression .)
    GREATERTHAN     reduce using rule 44 (expression -> expression LESSTHAN expression .)
    LESSTHAN        reduce using rule 44 (expression -> expression LESSTHAN expression .)
    GREATERTHANEQUAL reduce using rule 44 (expression -> expression LESSTHAN expression .)
    LESSEQUAL       reduce using rule 44 (expression -> expression LESSTHAN expression .)
    AND             reduce using rule 44 (expression -> expression LESSTHAN expression .)
    OR              reduce using rule 44 (expression -> expression LESSTHAN expression .)
    RPAREN          reduce using rule 44 (expression -> expression LESSTHAN expression .)
    COMMA           reduce using rule 44 (expression -> expression LESSTHAN expression .)
    PLUS            shift and go to state 37
    MINUS           shift and go to state 38
    TIMES           shift and go to state 39
    DIVIDE          shift and go to state 40
    MODULE          shift and go to state 41
    DOT             shift and go to state 42

  ! PLUS            [ reduce using rule 44 (expression -> expression LESSTHAN expression .) ]
  ! MINUS           [ reduce using rule 44 (expression -> expression LESSTHAN expression .) ]
  ! TIMES           [ reduce using rule 44 (expression -> expression LESSTHAN expression .) ]
  ! DIVIDE          [ reduce using rule 44 (expression -> expression LESSTHAN expression .) ]
  ! MODULE          [ reduce using rule 44 (expression -> expression LESSTHAN expression .) ]
  ! DOT             [ reduce using rule 44 (expression -> expression LESSTHAN expression .) ]
  ! ISEQUAL         [ shift and go to state 43 ]
  ! NOTISEQUAL      [ shift and go to state 44 ]
  ! GREATERTHAN     [ shift and go to state 45 ]
  ! LESSTHAN        [ shift and go to state 46 ]
  ! GREATERTHANEQUAL [ shift and go to state 47 ]
  ! LESSEQUAL       [ shift and go to state 48 ]
  ! AND             [ shift and go to state 49 ]
  ! OR              [ shift and go to state 50 ]


state 79

    (45) expression -> expression GREATERTHANEQUAL expression .
    (35) expression -> expression . PLUS expression
    (36) expression -> expression . MINUS expression
    (37) expression -> expression . TIMES expression
    (38) expression -> expression . DIVIDE expression
    (39) expression -> expression . MODULE expression
    (40) expression -> expression . DOT expression
    (41) expression -> expression . ISEQUAL expression
    (42) expression -> expression . NOTISEQUAL expression
    (43) expression -> expression . GREATERTHAN expression
    (44) expression -> expression . LESSTHAN expression
    (45) expression -> expression . GREATERTHANEQUAL expression
    (46) expression -> expression . LESSEQUAL expression
    (47) expression -> expression . AND expression
    (48) expression -> expression . OR expression

    SEMICOLON       reduce using rule 45 (expression -> expression GREATERTHANEQUAL expression .)
    ISEQUAL         reduce using rule 45 (expression -> expression GREATERTHANEQUAL expression .)
    NOTISEQUAL      reduce using rule 45 (expression -> expression GREATERTHANEQUAL expression .)
    GREATERTHAN     reduce using rule 45 (expression -> expression GREATERTHANEQUAL expression .)
    LESSTHAN        reduce using rule 45 (expression -> expression GREATERTHANEQUAL expression .)
    GREATERTHANEQUAL reduce using rule 45 (expression -> expression GREATERTHANEQUAL expression .)
    LESSEQUAL       reduce using rule 45 (expression -> expression GREATERTHANEQUAL expression .)
    AND             reduce using rule 45 (expression -> expression GREATERTHANEQUAL expression .)
    OR              reduce using rule 45 (expression -> expression GREATERTHANEQUAL expression .)
    RPAREN          reduce using rule 45 (expression -> expression GREATERTHANEQUAL expression .)
    COMMA           reduce using rule 45 (expression -> expression GREATERTHANEQUAL expression .)
    PLUS            shift and go to state 37
    MINUS           shift and go to state 38
    TIMES           shift and go to state 39
    DIVIDE          shift and go to state 40
    MODULE          shift and go to state 41
    DOT             shift and go to state 42

  ! PLUS            [ reduce using rule 45 (expression -> expression GREATERTHANEQUAL expression .) ]
  ! MINUS           [ reduce using rule 45 (expression -> expression GREATERTHANEQUAL expression .) ]
  ! TIMES           [ reduce using rule 45 (expression -> expression GREATERTHANEQUAL expression .) ]
  ! DIVIDE          [ reduce using rule 45 (expression -> expression GREATERTHANEQUAL expression .) ]
  ! MODULE          [ reduce using rule 45 (expression -> expression GREATERTHANEQUAL expression .) ]
  ! DOT             [ reduce using rule 45 (expression -> expression GREATERTHANEQUAL expression .) ]
  ! ISEQUAL         [ shift and go to state 43 ]
  ! NOTISEQUAL      [ shift and go to state 44 ]
  ! GREATERTHAN     [ shift and go to state 45 ]
  ! LESSTHAN        [ shift and go to state 46 ]
  ! GREATERTHANEQUAL [ shift and go to state 47 ]
  ! LESSEQUAL       [ shift and go to state 48 ]
  ! AND             [ shift and go to state 49 ]
  ! OR              [ shift and go to state 50 ]


state 80

    (46) expression -> expression LESSEQUAL expression .
    (35) expression -> expression . PLUS expression
    (36) expression -> expression . MINUS expression
    (37) expression -> expression . TIMES expression
    (38) expression -> expression . DIVIDE expression
    (39) expression -> expression . MODULE expression
    (40) expression -> expression . DOT expression
    (41) expression -> expression . ISEQUAL expression
    (42) expression -> expression . NOTISEQUAL expression
    (43) expression -> expression . GREATERTHAN expression
    (44) expression -> expression . LESSTHAN expression
    (45) expression -> expression . GREATERTHANEQUAL expression
    (46) expression -> expression . LESSEQUAL expression
    (47) expression -> expression . AND expression
    (48) expression -> expression . OR expression

    SEMICOLON       reduce using rule 46 (expression -> expression LESSEQUAL expression .)
    ISEQUAL         reduce using rule 46 (expression -> expression LESSEQUAL expression .)
    NOTISEQUAL      reduce using rule 46 (expression -> expression LESSEQUAL expression .)
    GREATERTHAN     reduce using rule 46 (expression -> expression LESSEQUAL expression .)
    LESSTHAN        reduce using rule 46 (expression -> expression LESSEQUAL expression .)
    GREATERTHANEQUAL reduce using rule 46 (expression -> expression LESSEQUAL expression .)
    LESSEQUAL       reduce using rule 46 (expression -> expression LESSEQUAL expression .)
    AND             reduce using rule 46 (expression -> expression LESSEQUAL expression .)
    OR              reduce using rule 46 (expression -> expression LESSEQUAL expression .)
    RPAREN          reduce using rule 46 (expression -> expression LESSEQUAL expression .)
    COMMA           reduce using rule 46 (expression -> expression LESSEQUAL expression .)
    PLUS            shift and go to state 37
    MINUS           shift and go to state 38
    TIMES           shift and go to state 39
    DIVIDE          shift and go to state 40
    MODULE          shift and go to state 41
    DOT             shift and go to state 42

  ! PLUS            [ reduce using rule 46 (expression -> expression LESSEQUAL expression .) ]
  ! MINUS           [ reduce using rule 46 (expression -> expression LESSEQUAL expression .) ]
  ! TIMES           [ reduce using rule 46 (expression -> expression LESSEQUAL expression .) ]
  ! DIVIDE          [ reduce using rule 46 (expression -> expression LESSEQUAL expression .) ]
  ! MODULE          [ reduce using rule 46 (expression -> expression LESSEQUAL expression .) ]
  ! DOT             [ reduce using rule 46 (expression -> expression LESSEQUAL expression .) ]
  ! ISEQUAL         [ shift and go to state 43 ]
  ! NOTISEQUAL      [ shift and go to state 44 ]
  ! GREATERTHAN     [ shift and go to state 45 ]
  ! LESSTHAN        [ shift and go to state 46 ]
  ! GREATERTHANEQUAL [ shift and go to state 47 ]
  ! LESSEQUAL       [ shift and go to state 48 ]
  ! AND             [ shift and go to state 49 ]
  ! OR              [ shift and go to state 50 ]


state 81

    (47) expression -> expression AND expression .
    (35) expression -> expression . PLUS expression
    (36) expression -> expression . MINUS expression
    (37) expression -> expression . TIMES expression
    (38) expression -> expression . DIVIDE expression
    (39) expression -> expression . MODULE expression
    (40) expression -> expression . DOT expression
    (41) expression -> expression . ISEQUAL expression
    (42) expression -> expression . NOTISEQUAL expression
    (43) expression -> expression . GREATERTHAN expression
    (44) expression -> expression . LESSTHAN expression
    (45) expression -> expression . GREATERTHANEQUAL expression
    (46) expression -> expression . LESSEQUAL expression
    (47) expression -> expression . AND expression
    (48) expression -> expression . OR expression

    SEMICOLON       reduce using rule 47 (expression -> expression AND expression .)
    AND             reduce using rule 47 (expression -> expression AND expression .)
    OR              reduce using rule 47 (expression -> expression AND expression .)
    RPAREN          reduce using rule 47 (expression -> expression AND expression .)
    COMMA           reduce using rule 47 (expression -> expression AND expression .)
    PLUS            shift and go to state 37
    MINUS           shift and go to state 38
    TIMES           shift and go to state 39
    DIVIDE          shift and go to state 40
    MODULE          shift and go to state 41
    DOT             shift and go to state 42
    ISEQUAL         shift and go to state 43
    NOTISEQUAL      shift and go to state 44
    GREATERTHAN     shift and go to state 45
    LESSTHAN        shift and go to state 46
    GREATERTHANEQUAL shift and go to state 47
    LESSEQUAL       shift and go to state 48

  ! PLUS            [ reduce using rule 47 (expression -> expression AND expression .) ]
  ! MINUS           [ reduce using rule 47 (expression -> expression AND expression .) ]
  ! TIMES           [ reduce using rule 47 (expression -> expression AND expression .) ]
  ! DIVIDE          [ reduce using rule 47 (expression -> expression AND expression .) ]
  ! MODULE          [ reduce using rule 47 (expression -> expression AND expression .) ]
  ! DOT             [ reduce using rule 47 (expression -> expression AND expression .) ]
  ! ISEQUAL         [ reduce using rule 47 (expression -> expression AND expression .) ]
  ! NOTISEQUAL      [ reduce using rule 47 (expression -> expression AND expression .) ]
  ! GREATERTHAN     [ reduce using rule 47 (expression -> expression AND expression .) ]
  ! LESSTHAN        [ reduce using rule 47 (expression -> expression AND expression .) ]
  ! GREATERTHANEQUAL [ reduce using rule 47 (expression -> expression AND expression .) ]
  ! LESSEQUAL       [ reduce using rule 47 (expression -> expression AND expression .) ]
  ! AND             [ shift and go to state 49 ]
  ! OR              [ shift and go to state 50 ]


state 82

    (48) expression -> expression OR expression .
    (35) expression -> expression . PLUS expression
    (36) expression -> expression . MINUS expression
    (37) expression -> expression . TIMES expression
    (38) expression -> expression . DIVIDE expression
    (39) expression -> expression . MODULE expression
    (40) expression -> expression . DOT expression
    (41) expression -> expression . ISEQUAL expression
    (42) expression -> expression . NOTISEQUAL expression
    (43) expression -> expression . GREATERTHAN expression
    (44) expression -> expression . LESSTHAN expression
    (45) expression -> expression . GREATERTHANEQUAL expression
    (46) expression -> expression . LESSEQUAL expression
    (47) expression -> expression . AND expression
    (48) expression -> expression . OR expression

    SEMICOLON       reduce using rule 48 (expression -> expression OR expression .)
    AND             reduce using rule 48 (expression -> expression OR expression .)
    OR              reduce using rule 48 (expression -> expression OR expression .)
    RPAREN          reduce using rule 48 (expression -> expression OR expression .)
    COMMA           reduce using rule 48 (expression -> expression OR expression .)
    PLUS            shift and go to state 37
    MINUS           shift and go to state 38
    TIMES           shift and go to state 39
    DIVIDE          shift and go to state 40
    MODULE          shift and go to state 41
    DOT             shift and go to state 42
    ISEQUAL         shift and go to state 43
    NOTISEQUAL      shift and go to state 44
    GREATERTHAN     shift and go to state 45
    LESSTHAN        shift and go to state 46
    GREATERTHANEQUAL shift and go to state 47
    LESSEQUAL       shift and go to state 48

  ! PLUS            [ reduce using rule 48 (expression -> expression OR expression .) ]
  ! MINUS           [ reduce using rule 48 (expression -> expression OR expression .) ]
  ! TIMES           [ reduce using rule 48 (expression -> expression OR expression .) ]
  ! DIVIDE          [ reduce using rule 48 (expression -> expression OR expression .) ]
  ! MODULE          [ reduce using rule 48 (expression -> expression OR expression .) ]
  ! DOT             [ reduce using rule 48 (expression -> expression OR expression .) ]
  ! ISEQUAL         [ reduce using rule 48 (expression -> expression OR expression .) ]
  ! NOTISEQUAL      [ reduce using rule 48 (expression -> expression OR expression .) ]
  ! GREATERTHAN     [ reduce using rule 48 (expression -> expression OR expression .) ]
  ! LESSTHAN        [ reduce using rule 48 (expression -> expression OR expression .) ]
  ! GREATERTHANEQUAL [ reduce using rule 48 (expression -> expression OR expression .) ]
  ! LESSEQUAL       [ reduce using rule 48 (expression -> expression OR expression .) ]
  ! AND             [ shift and go to state 49 ]
  ! OR              [ shift and go to state 50 ]


state 83

    (18) statement -> RETURN expression SEMICOLON .

    PHP_CLOSE       reduce using rule 18 (statement -> RETURN expression SEMICOLON .)
    RETURN          reduce using rule 18 (statement -> RETURN expression SEMICOLON .)
    ID              reduce using rule 18 (statement -> RETURN expression SEMICOLON .)
    VARIABLE        reduce using rule 18 (statement -> RETURN expression SEMICOLON .)
    MINUS           reduce using rule 18 (statement -> RETURN expression SEMICOLON .)
    INCREMENT       reduce using rule 18 (statement -> RETURN expression SEMICOLON .)
    DECREMENT       reduce using rule 18 (statement -> RETURN expression SEMICOLON .)
    LPAREN          reduce using rule 18 (statement -> RETURN expression SEMICOLON .)
    NUMBER          reduce using rule 18 (statement -> RETURN expression SEMICOLON .)
    STRING          reduce using rule 18 (statement -> RETURN expression SEMICOLON .)
    BOOLEAN         reduce using rule 18 (statement -> RETURN expression SEMICOLON .)
    IF              reduce using rule 18 (statement -> RETURN expression SEMICOLON .)
    FOR             reduce using rule 18 (statement -> RETURN expression SEMICOLON .)
    WHILE           reduce using rule 18 (statement -> RETURN expression SEMICOLON .)
    FUNCTION        reduce using rule 18 (statement -> RETURN expression SEMICOLON .)
    ECHO            reduce using rule 18 (statement -> RETURN expression SEMICOLON .)
    PRINT           reduce using rule 18 (statement -> RETURN expression SEMICOLON .)
    LBLOCK          reduce using rule 18 (statement -> RETURN expression SEMICOLON .)
    PHP_OPEN        reduce using rule 18 (statement -> RETURN expression SEMICOLON .)
    $end            reduce using rule 18 (statement -> RETURN expression SEMICOLON .)
    RBLOCK          reduce using rule 18 (statement -> RETURN expression SEMICOLON .)
    ELSE            reduce using rule 18 (statement -> RETURN expression SEMICOLON .)


state 84

    (30) expression -> ID LPAREN argument_list . RPAREN
    (32) argument_list -> argument_list . COMMA expression

    RPAREN          shift and go to state 97
    COMMA           shift and go to state 98


state 85

    (33) argument_list -> expression .
    (35) expression -> expression . PLUS expression
    (36) expression -> expression . MINUS expression
    (37) expression -> expression . TIMES expression
    (38) expression -> expression . DIVIDE expression
    (39) expression -> expression . MODULE expression
    (40) expression -> expression . DOT expression
    (41) expression -> expression . ISEQUAL expression
    (42) expression -> expression . NOTISEQUAL expression
    (43) expression -> expression . GREATERTHAN expression
    (44) expression -> expression . LESSTHAN expression
    (45) expression -> expression . GREATERTHANEQUAL expression
    (46) expression -> expression . LESSEQUAL expression
    (47) expression -> expression . AND expression
    (48) expression -> expression . OR expression

    RPAREN          reduce using rule 33 (argument_list -> expression .)
    COMMA           reduce using rule 33 (argument_list -> expression .)
    PLUS            shift and go to state 37
    MINUS           shift and go to state 38
    TIMES           shift and go to state 39
    DIVIDE          shift and go to state 40
    MODULE          shift and go to state 41
    DOT             shift and go to state 42
    ISEQUAL         shift and go to state 43
    NOTISEQUAL      shift and go to state 44
    GREATERTHAN     shift and go to state 45
    LESSTHAN        shift and go to state 46
    GREATERTHANEQUAL shift and go to state 47
    LESSEQUAL       shift and go to state 48
    AND             shift and go to state 49
    OR              shift and go to state 50


state 86

    (34) argument_list -> empty .

    RPAREN          reduce using rule 34 (argument_list -> empty .)
    COMMA           reduce using rule 34 (argument_list -> empty .)


state 87

    (54) expression -> LPAREN expression RPAREN .

    SEMICOLON       reduce using rule 54 (expression -> LPAREN expression RPAREN .)
    PLUS            reduce using rule 54 (expression -> LPAREN expression RPAREN .)
    MINUS           reduce using rule 54 (expression -> LPAREN expression RPAREN .)
    TIMES           reduce using rule 54 (expression -> LPAREN expression RPAREN .)
    DIVIDE          reduce using rule 54 (expression -> LPAREN expression RPAREN .)
    MODULE          reduce using rule 54 (expression -> LPAREN expression RPAREN .)
    DOT             reduce using rule 54 (expression -> LPAREN expression RPAREN .)
    ISEQUAL         reduce using rule 54 (expression -> LPAREN expression RPAREN .)
    NOTISEQUAL      reduce using rule 54 (expression -> LPAREN expression RPAREN .)
    GREATERTHAN     reduce using rule 54 (expression -> LPAREN expression RPAREN .)
    LESSTHAN        reduce using rule 54 (expression -> LPAREN expression RPAREN .)
    GREATERTHANEQUAL reduce using rule 54 (expression -> LPAREN expression RPAREN .)
    LESSEQUAL       reduce using rule 54 (expression -> LPAREN expression RPAREN .)
    AND             reduce using rule 54 (expression -> LPAREN expression RPAREN .)
    OR              reduce using rule 54 (expression -> LPAREN expression RPAREN .)
    RPAREN          reduce using rule 54 (expression -> LPAREN expression RPAREN .)
    COMMA           reduce using rule 54 (expression -> LPAREN expression RPAREN .)


state 88

    (31) expression -> VARIABLE LPAREN argument_list . RPAREN
    (32) argument_list -> argument_list . COMMA expression

    RPAREN          shift and go to state 99
    COMMA           shift and go to state 98


state 89

    (59) expression -> VARIABLE EQUAL expression .
    (35) expression -> expression . PLUS expression
    (36) expression -> expression . MINUS expression
    (37) expression -> expression . TIMES expression
    (38) expression -> expression . DIVIDE expression
    (39) expression -> expression . MODULE expression
    (40) expression -> expression . DOT expression
    (41) expression -> expression . ISEQUAL expression
    (42) expression -> expression . NOTISEQUAL expression
    (43) expression -> expression . GREATERTHAN expression
    (44) expression -> expression . LESSTHAN expression
    (45) expression -> expression . GREATERTHANEQUAL expression
    (46) expression -> expression . LESSEQUAL expression
    (47) expression -> expression . AND expression
    (48) expression -> expression . OR expression

    SEMICOLON       reduce using rule 59 (expression -> VARIABLE EQUAL expression .)
    RPAREN          reduce using rule 59 (expression -> VARIABLE EQUAL expression .)
    COMMA           reduce using rule 59 (expression -> VARIABLE EQUAL expression .)
    PLUS            shift and go to state 37
    MINUS           shift and go to state 38
    TIMES           shift and go to state 39
    DIVIDE          shift and go to state 40
    MODULE          shift and go to state 41
    DOT             shift and go to state 42
    ISEQUAL         shift and go to state 43
    NOTISEQUAL      shift and go to state 44
    GREATERTHAN     shift and go to state 45
    LESSTHAN        shift and go to state 46
    GREATERTHANEQUAL shift and go to state 47
    LESSEQUAL       shift and go to state 48
    AND             shift and go to state 49
    OR              shift and go to state 50

  ! PLUS            [ reduce using rule 59 (expression -> VARIABLE EQUAL expression .) ]
  ! MINUS           [ reduce using rule 59 (expression -> VARIABLE EQUAL expression .) ]
  ! TIMES           [ reduce using rule 59 (expression -> VARIABLE EQUAL expression .) ]
  ! DIVIDE          [ reduce using rule 59 (expression -> VARIABLE EQUAL expression .) ]
  ! MODULE          [ reduce using rule 59 (expression -> VARIABLE EQUAL expression .) ]
  ! DOT             [ reduce using rule 59 (expression -> VARIABLE EQUAL expression .) ]
  ! ISEQUAL         [ reduce using rule 59 (expression -> VARIABLE EQUAL expression .) ]
  ! NOTISEQUAL      [ reduce using rule 59 (expression -> VARIABLE EQUAL expression .) ]
  ! GREATERTHAN     [ reduce using rule 59 (expression -> VARIABLE EQUAL expression .) ]
  ! LESSTHAN        [ reduce using rule 59 (expression -> VARIABLE EQUAL expression .) ]
  ! GREATERTHANEQUAL [ reduce using rule 59 (expression -> VARIABLE EQUAL expression .) ]
  ! LESSEQUAL       [ reduce using rule 59 (expression -> VARIABLE EQUAL expression .) ]
  ! AND             [ reduce using rule 59 (expression -> VARIABLE EQUAL expression .) ]
  ! OR              [ reduce using rule 59 (expression -> VARIABLE EQUAL expression .) ]


state 90

    (20) if_statement -> IF LPAREN expression . RPAREN statement
    (21) if_statement -> IF LPAREN expression . RPAREN statement ELSE statement
    (35) expression -> expression . PLUS expression
    (36) expression -> expression . MINUS expression
    (37) expression -> expression . TIMES expression
    (38) expression -> expression . DIVIDE expression
    (39) expression -> expression . MODULE expression
    (40) expression -> expression . DOT expression
    (41) expression -> expression . ISEQUAL expression
    (42) expression -> expression . NOTISEQUAL expression
    (43) expression -> expression . GREATERTHAN expression
    (44) expression -> expression . LESSTHAN expression
    (45) expression -> expression . GREATERTHANEQUAL expression
    (46) expression -> expression . LESSEQUAL expression
    (47) expression -> expression . AND expression
    (48) expression -> expression . OR expression

    RPAREN          shift and go to state 100
    PLUS            shift and go to state 37
    MINUS           shift and go to state 38
    TIMES           shift and go to state 39
    DIVIDE          shift and go to state 40
    MODULE          shift and go to state 41
    DOT             shift and go to state 42
    ISEQUAL         shift and go to state 43
    NOTISEQUAL      shift and go to state 44
    GREATERTHAN     shift and go to state 45
    LESSTHAN        shift and go to state 46
    GREATERTHANEQUAL shift and go to state 47
    LESSEQUAL       shift and go to state 48
    AND             shift and go to state 49
    OR              shift and go to state 50


state 91

    (22) for_statement -> FOR LPAREN expression . SEMICOLON expression SEMICOLON expression RPAREN statement
    (35) expression -> expression . PLUS expression
    (36) expression -> expression . MINUS expression
    (37) expression -> expression . TIMES expression
    (38) expression -> expression . DIVIDE expression
    (39) expression -> expression . MODULE expression
    (40) expression -> expression . DOT expression
    (41) expression -> expression . ISEQUAL expression
    (42) expression -> expression . NOTISEQUAL expression
    (43) expression -> expression . GREATERTHAN expression
    (44) expression -> expression . LESSTHAN expression
    (45) expression -> expression . GREATERTHANEQUAL expression
    (46) expression -> expression . LESSEQUAL expression
    (47) expression -> expression . AND expression
    (48) expression -> expression . OR expression

    SEMICOLON       shift and go to state 101
    PLUS            shift and go to state 37
    MINUS           shift and go to state 38
    TIMES           shift and go to state 39
    DIVIDE          shift and go to state 40
    MODULE          shift and go to state 41
    DOT             shift and go to state 42
    ISEQUAL         shift and go to state 43
    NOTISEQUAL      shift and go to state 44
    GREATERTHAN     shift and go to state 45
    LESSTHAN        shift and go to state 46
    GREATERTHANEQUAL shift and go to state 47
    LESSEQUAL       shift and go to state 48
    AND             shift and go to state 49
    OR              shift and go to state 50


state 92

    (23) while_statement -> WHILE LPAREN expression . RPAREN statement
    (35) expression -> expression . PLUS expression
    (36) expression -> expression . MINUS expression
    (37) expression -> expression . TIMES expression
    (38) expression -> expression . DIVIDE expression
    (39) expression -> expression . MODULE expression
    (40) expression -> expression . DOT expression
    (41) expression -> expression . ISEQUAL expression
    (42) expression -> expression . NOTISEQUAL expression
    (43) expression -> expression . GREATERTHAN expression
    (44) expression -> expression . LESSTHAN expression
    (45) expression -> expression . GREATERTHANEQUAL expression
    (46) expression -> expression . LESSEQUAL expression
    (47) expression -> expression . AND expression
    (48) expression -> expression . OR expression

    RPAREN          shift and go to state 102
    PLUS            shift and go to state 37
    MINUS           shift and go to state 38
    TIMES           shift and go to state 39
    DIVIDE          shift and go to state 40
    MODULE          shift and go to state 41
    DOT             shift and go to state 42
    ISEQUAL         shift and go to state 43
    NOTISEQUAL      shift and go to state 44
    GREATERTHAN     shift and go to state 45
    LESSTHAN        shift and go to state 46
    GREATERTHANEQUAL shift and go to state 47
    LESSEQUAL       shift and go to state 48
    AND             shift and go to state 49
    OR              shift and go to state 50


state 93

    (26) function_declaration -> FUNCTION ID LPAREN . parameter_list RPAREN block
    (27) parameter_list -> . parameter_list COMMA VARIABLE
    (28) parameter_list -> . VARIABLE
    (29) parameter_list -> . empty
    (60) empty -> .

    VARIABLE        shift and go to state 104
    RPAREN          reduce using rule 60 (empty -> .)
    COMMA           reduce using rule 60 (empty -> .)

    parameter_list                 shift and go to state 103
    empty                          shift and go to state 105

state 94

    (24) echo_statement -> ECHO expression SEMICOLON .

    PHP_CLOSE       reduce using rule 24 (echo_statement -> ECHO expression SEMICOLON .)
    RETURN          reduce using rule 24 (echo_statement -> ECHO expression SEMICOLON .)
    ID              reduce using rule 24 (echo_statement -> ECHO expression SEMICOLON .)
    VARIABLE        reduce using rule 24 (echo_statement -> ECHO expression SEMICOLON .)
    MINUS           reduce using rule 24 (echo_statement -> ECHO expression SEMICOLON .)
    INCREMENT       reduce using rule 24 (echo_statement -> ECHO expression SEMICOLON .)
    DECREMENT       reduce using rule 24 (echo_statement -> ECHO expression SEMICOLON .)
    LPAREN          reduce using rule 24 (echo_statement -> ECHO expression SEMICOLON .)
    NUMBER          reduce using rule 24 (echo_statement -> ECHO expression SEMICOLON .)
    STRING          reduce using rule 24 (echo_statement -> ECHO expression SEMICOLON .)
    BOOLEAN         reduce using rule 24 (echo_statement -> ECHO expression SEMICOLON .)
    IF              reduce using rule 24 (echo_statement -> ECHO expression SEMICOLON .)
    FOR             reduce using rule 24 (echo_statement -> ECHO expression SEMICOLON .)
    WHILE           reduce using rule 24 (echo_statement -> ECHO expression SEMICOLON .)
    FUNCTION        reduce using rule 24 (echo_statement -> ECHO expression SEMICOLON .)
    ECHO            reduce using rule 24 (echo_statement -> ECHO expression SEMICOLON .)
    PRINT           reduce using rule 24 (echo_statement -> ECHO expression SEMICOLON .)
    LBLOCK          reduce using rule 24 (echo_statement -> ECHO expression SEMICOLON .)
    PHP_OPEN        reduce using rule 24 (echo_statement -> ECHO expression SEMICOLON .)
    $end            reduce using rule 24 (echo_statement -> ECHO expression SEMICOLON .)
    RBLOCK          reduce using rule 24 (echo_statement -> ECHO expression SEMICOLON .)
    ELSE            reduce using rule 24 (echo_statement -> ECHO expression SEMICOLON .)


state 95

    (25) print_statement -> PRINT expression SEMICOLON .

    PHP_CLOSE       reduce using rule 25 (print_statement -> PRINT expression SEMICOLON .)
    RETURN          reduce using rule 25 (print_statement -> PRINT expression SEMICOLON .)
    ID              reduce using rule 25 (print_statement -> PRINT expression SEMICOLON .)
    VARIABLE        reduce using rule 25 (print_statement -> PRINT expression SEMICOLON .)
    MINUS           reduce using rule 25 (print_statement -> PRINT expression SEMICOLON .)
    INCREMENT       reduce using rule 25 (print_statement -> PRINT expression SEMICOLON .)
    DECREMENT       reduce using rule 25 (print_statement -> PRINT expression SEMICOLON .)
    LPAREN          reduce using rule 25 (print_statement -> PRINT expression SEMICOLON .)
    NUMBER          reduce using rule 25 (print_statement -> PRINT expression SEMICOLON .)
    STRING          reduce using rule 25 (print_statement -> PRINT expression SEMICOLON .)
    BOOLEAN         reduce using rule 25 (print_statement -> PRINT expression SEMICOLON .)
    IF              reduce using rule 25 (print_statement -> PRINT expression SEMICOLON .)
    FOR             reduce using rule 25 (print_statement -> PRINT expression SEMICOLON .)
    WHILE           reduce using rule 25 (print_statement -> PRINT expression SEMICOLON .)
    FUNCTION        reduce using rule 25 (print_statement -> PRINT expression SEMICOLON .)
    ECHO            reduce using rule 25 (print_statement -> PRINT expression SEMICOLON .)
    PRINT           reduce using rule 25 (print_statement -> PRINT expression SEMICOLON .)
    LBLOCK          reduce using rule 25 (print_statement -> PRINT expression SEMICOLON .)
    PHP_OPEN        reduce using rule 25 (print_statement -> PRINT expression SEMICOLON .)
    $end            reduce using rule 25 (print_statement -> PRINT expression SEMICOLON .)
    RBLOCK          reduce using rule 25 (print_statement -> PRINT expression SEMICOLON .)
    ELSE            reduce using rule 25 (print_statement -> PRINT expression SEMICOLON .)


state 96

    (19) block -> LBLOCK statement_list RBLOCK .

    PHP_CLOSE       reduce using rule 19 (block -> LBLOCK statement_list RBLOCK .)
    RETURN          reduce using rule 19 (block -> LBLOCK statement_list RBLOCK .)
    ID              reduce using rule 19 (block -> LBLOCK statement_list RBLOCK .)
    VARIABLE        reduce using rule 19 (block -> LBLOCK statement_list RBLOCK .)
    MINUS           reduce using rule 19 (block -> LBLOCK statement_list RBLOCK .)
    INCREMENT       reduce using rule 19 (block -> LBLOCK statement_list RBLOCK .)
    DECREMENT       reduce using rule 19 (block -> LBLOCK statement_list RBLOCK .)
    LPAREN          reduce using rule 19 (block -> LBLOCK statement_list RBLOCK .)
    NUMBER          reduce using rule 19 (block -> LBLOCK statement_list RBLOCK .)
    STRING          reduce using rule 19 (block -> LBLOCK statement_list RBLOCK .)
    BOOLEAN         reduce using rule 19 (block -> LBLOCK statement_list RBLOCK .)
    IF              reduce using rule 19 (block -> LBLOCK statement_list RBLOCK .)
    FOR             reduce using rule 19 (block -> LBLOCK statement_list RBLOCK .)
    WHILE           reduce using rule 19 (block -> LBLOCK statement_list RBLOCK .)
    FUNCTION        reduce using rule 19 (block -> LBLOCK statement_list RBLOCK .)
    ECHO            reduce using rule 19 (block -> LBLOCK statement_list RBLOCK .)
    PRINT           reduce using rule 19 (block -> LBLOCK statement_list RBLOCK .)
    LBLOCK          reduce using rule 19 (block -> LBLOCK statement_list RBLOCK .)
    PHP_OPEN        reduce using rule 19 (block -> LBLOCK statement_list RBLOCK .)
    $end            reduce using rule 19 (block -> LBLOCK statement_list RBLOCK .)
    RBLOCK          reduce using rule 19 (block -> LBLOCK statement_list RBLOCK .)
    ELSE            reduce using rule 19 (block -> LBLOCK statement_list RBLOCK .)


state 97

    (30) expression -> ID LPAREN argument_list RPAREN .

    SEMICOLON       reduce using rule 30 (expression -> ID LPAREN argument_list RPAREN .)
    PLUS            reduce using rule 30 (expression -> ID LPAREN argument_list RPAREN .)
    MINUS           reduce using rule 30 (expression -> ID LPAREN argument_list RPAREN .)
    TIMES           reduce using rule 30 (expression -> ID LPAREN argument_list RPAREN .)
    DIVIDE          reduce using rule 30 (expression -> ID LPAREN argument_list RPAREN .)
    MODULE          reduce using rule 30 (expression -> ID LPAREN argument_list RPAREN .)
    DOT             reduce using rule 30 (expression -> ID LPAREN argument_list RPAREN .)
    ISEQUAL         reduce using rule 30 (expression -> ID LPAREN argument_list RPAREN .)
    NOTISEQUAL      reduce using rule 30 (expression -> ID LPAREN argument_list RPAREN .)
    GREATERTHAN     reduce using rule 30 (expression -> ID LPAREN argument_list RPAREN .)
    LESSTHAN        reduce using rule 30 (expression -> ID LPAREN argument_list RPAREN .)
    GREATERTHANEQUAL reduce using rule 30 (expression -> ID LPAREN argument_list RPAREN .)
    LESSEQUAL       reduce using rule 30 (expression -> ID LPAREN argument_list RPAREN .)
    AND             reduce using rule 30 (expression -> ID LPAREN argument_list RPAREN .)
    OR              reduce using rule 30 (expression -> ID LPAREN argument_list RPAREN .)
    RPAREN          reduce using rule 30 (expression -> ID LPAREN argument_list RPAREN .)
    COMMA           reduce using rule 30 (expression -> ID LPAREN argument_list RPAREN .)


state 98

    (32) argument_list -> argument_list COMMA . expression
    (30) expression -> . ID LPAREN argument_list RPAREN
    (31) expression -> . VARIABLE LPAREN argument_list RPAREN
    (35) expression -> . expression PLUS expression
    (36) expression -> . expression MINUS expression
    (37) expression -> . expression TIMES expression
    (38) expression -> . expression DIVIDE expression
    (39) expression -> . expression MODULE expression
    (40) expression -> . expression DOT expression
    (41) expression -> . expression ISEQUAL expression
    (42) expression -> . expression NOTISEQUAL expression
    (43) expression -> . expression GREATERTHAN expression
    (44) expression -> . expression LESSTHAN expression
    (45) expression -> . expression GREATERTHANEQUAL expression
    (46) expression -> . expression LESSEQUAL expression
    (47) expression -> . expression AND expression
    (48) expression -> . expression OR expression
    (49) expression -> . MINUS expression
    (50) expression -> . VARIABLE INCREMENT
    (51) expression -> . VARIABLE DECREMENT
    (52) expression -> . INCREMENT VARIABLE
    (53) expression -> . DECREMENT VARIABLE
    (54) expression -> . LPAREN expression RPAREN
    (55) expression -> . NUMBER
    (56) expression -> . VARIABLE
    (57) expression -> . STRING
    (58) expression -> . BOOLEAN
    (59) expression -> . VARIABLE EQUAL expression

    ID              shift and go to state 16
    VARIABLE        shift and go to state 18
    MINUS           shift and go to state 19
    INCREMENT       shift and go to state 20
    DECREMENT       shift and go to state 21
    LPAREN          shift and go to state 17
    NUMBER          shift and go to state 22
    STRING          shift and go to state 23
    BOOLEAN         shift and go to state 24

    expression                     shift and go to state 106

state 99

    (31) expression -> VARIABLE LPAREN argument_list RPAREN .

    SEMICOLON       reduce using rule 31 (expression -> VARIABLE LPAREN argument_list RPAREN .)
    PLUS            reduce using rule 31 (expression -> VARIABLE LPAREN argument_list RPAREN .)
    MINUS           reduce using rule 31 (expression -> VARIABLE LPAREN argument_list RPAREN .)
    TIMES           reduce using rule 31 (expression -> VARIABLE LPAREN argument_list RPAREN .)
    DIVIDE          reduce using rule 31 (expression -> VARIABLE LPAREN argument_list RPAREN .)
    MODULE          reduce using rule 31 (expression -> VARIABLE LPAREN argument_list RPAREN .)
    DOT             reduce using rule 31 (expression -> VARIABLE LPAREN argument_list RPAREN .)
    ISEQUAL         reduce using rule 31 (expression -> VARIABLE LPAREN argument_list RPAREN .)
    NOTISEQUAL      reduce using rule 31 (expression -> VARIABLE LPAREN argument_list RPAREN .)
    GREATERTHAN     reduce using rule 31 (expression -> VARIABLE LPAREN argument_list RPAREN .)
    LESSTHAN        reduce using rule 31 (expression -> VARIABLE LPAREN argument_list RPAREN .)
    GREATERTHANEQUAL reduce using rule 31 (expression -> VARIABLE LPAREN argument_list RPAREN .)
    LESSEQUAL       reduce using rule 31 (expression -> VARIABLE LPAREN argument_list RPAREN .)
    AND             reduce using rule 31 (expression -> VARIABLE LPAREN argument_list RPAREN .)
    OR              reduce using rule 31 (expression -> VARIABLE LPAREN argument_list RPAREN .)
    RPAREN          reduce using rule 31 (expression -> VARIABLE LPAREN argument_list RPAREN .)
    COMMA           reduce using rule 31 (expression -> VARIABLE LPAREN argument_list RPAREN .)


state 100

    (20) if_statement -> IF LPAREN expression RPAREN . statement
    (21) if_statement -> IF LPAREN expression RPAREN . statement ELSE statement
    (10) statement -> . expression SEMICOLON
    (11) statement -> . if_statement
    (12) statement -> . for_statement
    (13) statement -> . while_statement
    (14) statement -> . function_declaration
    (15) statement -> . echo_statement
    (16) statement -> . print_statement
    (17) statement -> . block
    (18) statement -> . RETURN expression SEMICOLON
    (30) expression -> . ID LPAREN argument_list RPAREN
    (31) expression -> . VARIABLE LPAREN argument_list RPAREN
    (35) expression -> . expression PLUS expression
    (36) expression -> . expression MINUS expression
    (37) expression -> . expression TIMES expression
    (38) expression -> . expression DIVIDE expression
    (39) expression -> . expression MODULE expression
    (40) expression -> . expression DOT expression
    (41) expression -> . expression ISEQUAL expression
    (42) expression -> . expression NOTISEQUAL expression
    (43) expression -> . expression GREATERTHAN expression
    (44) expression -> . expression LESSTHAN expression
    (45) expression -> . expression GREATERTHANEQUAL expression
    (46) expression -> . expression LESSEQUAL expression
    (47) expression -> . expression AND expression
    (48) expression -> . expression OR expression
    (49) expression -> . MINUS expression
    (50) expression -> . VARIABLE INCREMENT
    (51) expression -> . VARIABLE DECREMENT
    (52) expression -> . INCREMENT VARIABLE
    (53) expression -> . DECREMENT VARIABLE
    (54) expression -> . LPAREN expression RPAREN
    (55) expression -> . NUMBER
    (56) expression -> . VARIABLE
    (57) expression -> . STRING
    (58) expression -> . BOOLEAN
    (59) expression -> . VARIABLE EQUAL expression
    (20) if_statement -> . IF LPAREN expression RPAREN statement
    (21) if_statement -> . IF LPAREN expression RPAREN statement ELSE statement
    (22) for_statement -> . FOR LPAREN expression SEMICOLON expression SEMICOLON expression RPAREN statement
    (23) while_statement -> . WHILE LPAREN expression RPAREN statement
    (26) function_declaration -> . FUNCTION ID LPAREN parameter_list RPAREN block
    (24) echo_statement -> . ECHO expression SEMICOLON
    (25) print_statement -> . PRINT expression SEMICOLON
    (19) block -> . LBLOCK statement_list RBLOCK

    RETURN          shift and go to state 15
    ID              shift and go to state 16
    VARIABLE        shift and go to state 18
    MINUS           shift and go to state 19
    INCREMENT       shift and go to state 20
    DECREMENT       shift and go to state 21
    LPAREN          shift and go to state 17
    NUMBER          shift and go to state 22
    STRING          shift and go to state 23
    BOOLEAN         shift and go to state 24
    IF              shift and go to state 25
    FOR             shift and go to state 26
    WHILE           shift and go to state 27
    FUNCTION        shift and go to state 28
    ECHO            shift and go to state 29
    PRINT           shift and go to state 30
    LBLOCK          shift and go to state 31

    expression                     shift and go to state 7
    statement                      shift and go to state 107
    if_statement                   shift and go to state 8
    for_statement                  shift and go to state 9
    while_statement                shift and go to state 10
    function_declaration           shift and go to state 11
    echo_statement                 shift and go to state 12
    print_statement                shift and go to state 13
    block                          shift and go to state 14

state 101

    (22) for_statement -> FOR LPAREN expression SEMICOLON . expression SEMICOLON expression RPAREN statement
    (30) expression -> . ID LPAREN argument_list RPAREN
    (31) expression -> . VARIABLE LPAREN argument_list RPAREN
    (35) expression -> . expression PLUS expression
    (36) expression -> . expression MINUS expression
    (37) expression -> . expression TIMES expression
    (38) expression -> . expression DIVIDE expression
    (39) expression -> . expression MODULE expression
    (40) expression -> . expression DOT expression
    (41) expression -> . expression ISEQUAL expression
    (42) expression -> . expression NOTISEQUAL expression
    (43) expression -> . expression GREATERTHAN expression
    (44) expression -> . expression LESSTHAN expression
    (45) expression -> . expression GREATERTHANEQUAL expression
    (46) expression -> . expression LESSEQUAL expression
    (47) expression -> . expression AND expression
    (48) expression -> . expression OR expression
    (49) expression -> . MINUS expression
    (50) expression -> . VARIABLE INCREMENT
    (51) expression -> . VARIABLE DECREMENT
    (52) expression -> . INCREMENT VARIABLE
    (53) expression -> . DECREMENT VARIABLE
    (54) expression -> . LPAREN expression RPAREN
    (55) expression -> . NUMBER
    (56) expression -> . VARIABLE
    (57) expression -> . STRING
    (58) expression -> . BOOLEAN
    (59) expression -> . VARIABLE EQUAL expression

    ID              shift and go to state 16
    VARIABLE        shift and go to state 18
    MINUS           shift and go to state 19
    INCREMENT       shift and go to state 20
    DECREMENT       shift and go to state 21
    LPAREN          shift and go to state 17
    NUMBER          shift and go to state 22
    STRING          shift and go to state 23
    BOOLEAN         shift and go to state 24

    expression                     shift and go to state 108

state 102

    (23) while_statement -> WHILE LPAREN expression RPAREN . statement
    (10) statement -> . expression SEMICOLON
    (11) statement -> . if_statement
    (12) statement -> . for_statement
    (13) statement -> . while_statement
    (14) statement -> . function_declaration
    (15) statement -> . echo_statement
    (16) statement -> . print_statement
    (17) statement -> . block
    (18) statement -> . RETURN expression SEMICOLON
    (30) expression -> . ID LPAREN argument_list RPAREN
    (31) expression -> . VARIABLE LPAREN argument_list RPAREN
    (35) expression -> . expression PLUS expression
    (36) expression -> . expression MINUS expression
    (37) expression -> . expression TIMES expression
    (38) expression -> . expression DIVIDE expression
    (39) expression -> . expression MODULE expression
    (40) expression -> . expression DOT expression
    (41) expression -> . expression ISEQUAL expression
    (42) expression -> . expression NOTISEQUAL expression
    (43) expression -> . expression GREATERTHAN expression
    (44) expression -> . expression LESSTHAN expression
    (45) expression -> . expression GREATERTHANEQUAL expression
    (46) expression -> . expression LESSEQUAL expression
    (47) expression -> . expression AND expression
    (48) expression -> . expression OR expression
    (49) expression -> . MINUS expression
    (50) expression -> . VARIABLE INCREMENT
    (51) expression -> . VARIABLE DECREMENT
    (52) expression -> . INCREMENT VARIABLE
    (53) expression -> . DECREMENT VARIABLE
    (54) expression -> . LPAREN expression RPAREN
    (55) expression -> . NUMBER
    (56) expression -> . VARIABLE
    (57) expression -> . STRING
    (58) expression -> . BOOLEAN
    (59) expression -> . VARIABLE EQUAL expression
    (20) if_statement -> . IF LPAREN expression RPAREN statement
    (21) if_statement -> . IF LPAREN expression RPAREN statement ELSE statement
    (22) for_statement -> . FOR LPAREN expression SEMICOLON expression SEMICOLON expression RPAREN statement
    (23) while_statement -> . WHILE LPAREN expression RPAREN statement
    (26) function_declaration -> . FUNCTION ID LPAREN parameter_list RPAREN block
    (24) echo_statement -> . ECHO expression SEMICOLON
    (25) print_statement -> . PRINT expression SEMICOLON
    (19) block -> . LBLOCK statement_list RBLOCK

    RETURN          shift and go to state 15
    ID              shift and go to state 16
    VARIABLE        shift and go to state 18
    MINUS           shift and go to state 19
    INCREMENT       shift and go to state 20
    DECREMENT       shift and go to state 21
    LPAREN          shift and go to state 17
    NUMBER          shift and go to state 22
    STRING          shift and go to state 23
    BOOLEAN         shift and go to state 24
    IF              shift and go to state 25
    FOR             shift and go to state 26
    WHILE           shift and go to state 27
    FUNCTION        shift and go to state 28
    ECHO            shift and go to state 29
    PRINT           shift and go to state 30
    LBLOCK          shift and go to state 31

    expression                     shift and go to state 7
    statement                      shift and go to state 109
    if_statement                   shift and go to state 8
    for_statement                  shift and go to state 9
    while_statement                shift and go to state 10
    function_declaration           shift and go to state 11
    echo_statement                 shift and go to state 12
    print_statement                shift and go to state 13
    block                          shift and go to state 14

state 103

    (26) function_declaration -> FUNCTION ID LPAREN parameter_list . RPAREN block
    (27) parameter_list -> parameter_list . COMMA VARIABLE

    RPAREN          shift and go to state 110
    COMMA           shift and go to state 111


state 104

    (28) parameter_list -> VARIABLE .

    RPAREN          reduce using rule 28 (parameter_list -> VARIABLE .)
    COMMA           reduce using rule 28 (parameter_list -> VARIABLE .)


state 105

    (29) parameter_list -> empty .

    RPAREN          reduce using rule 29 (parameter_list -> empty .)
    COMMA           reduce using rule 29 (parameter_list -> empty .)


state 106

    (32) argument_list -> argument_list COMMA expression .
    (35) expression -> expression . PLUS expression
    (36) expression -> expression . MINUS expression
    (37) expression -> expression . TIMES expression
    (38) expression -> expression . DIVIDE expression
    (39) expression -> expression . MODULE expression
    (40) expression -> expression . DOT expression
    (41) expression -> expression . ISEQUAL expression
    (42) expression -> expression . NOTISEQUAL expression
    (43) expression -> expression . GREATERTHAN expression
    (44) expression -> expression . LESSTHAN expression
    (45) expression -> expression . GREATERTHANEQUAL expression
    (46) expression -> expression . LESSEQUAL expression
    (47) expression -> expression . AND expression
    (48) expression -> expression . OR expression

    RPAREN          reduce using rule 32 (argument_list -> argument_list COMMA expression .)
    COMMA           reduce using rule 32 (argument_list -> argument_list COMMA expression .)
    PLUS            shift and go to state 37
    MINUS           shift and go to state 38
    TIMES           shift and go to state 39
    DIVIDE          shift and go to state 40
    MODULE          shift and go to state 41
    DOT             shift and go to state 42
    ISEQUAL         shift and go to state 43
    NOTISEQUAL      shift and go to state 44
    GREATERTHAN     shift and go to state 45
    LESSTHAN        shift and go to state 46
    GREATERTHANEQUAL shift and go to state 47
    LESSEQUAL       shift and go to state 48
    AND             shift and go to state 49
    OR              shift and go to state 50


state 107

    (20) if_statement -> IF LPAREN expression RPAREN statement .
    (21) if_statement -> IF LPAREN expression RPAREN statement . ELSE statement

    PHP_CLOSE       reduce using rule 20 (if_statement -> IF LPAREN expression RPAREN statement .)
    RETURN          reduce using rule 20 (if_statement -> IF LPAREN expression RPAREN statement .)
    ID              reduce using rule 20 (if_statement -> IF LPAREN expression RPAREN statement .)
    VARIABLE        reduce using rule 20 (if_statement -> IF LPAREN expression RPAREN statement .)
    MINUS           reduce using rule 20 (if_statement -> IF LPAREN expression RPAREN statement .)
    INCREMENT       reduce using rule 20 (if_statement -> IF LPAREN expression RPAREN statement .)
    DECREMENT       reduce using rule 20 (if_statement -> IF LPAREN expression RPAREN statement .)
    LPAREN          reduce using rule 20 (if_statement -> IF LPAREN expression RPAREN statement .)
    NUMBER          reduce using rule 20 (if_statement -> IF LPAREN expression RPAREN statement .)
    STRING          reduce using rule 20 (if_statement -> IF LPAREN expression RPAREN statement .)
    BOOLEAN         reduce using rule 20 (if_statement -> IF LPAREN expression RPAREN statement .)
    IF              reduce using rule 20 (if_statement -> IF LPAREN expression RPAREN statement .)
    FOR             reduce using rule 20 (if_statement -> IF LPAREN expression RPAREN statement .)
    WHILE           reduce using rule 20 (if_statement -> IF LPAREN expression RPAREN statement .)
    FUNCTION        reduce using rule 20 (if_statement -> IF LPAREN expression RPAREN statement .)
    ECHO            reduce using rule 20 (if_statement -> IF LPAREN expression RPAREN statement .)
    PRINT           reduce using rule 20 (if_statement -> IF LPAREN expression RPAREN statement .)
    LBLOCK          reduce using rule 20 (if_statement -> IF LPAREN expression RPAREN statement .)
    PHP_OPEN        reduce using rule 20 (if_statement -> IF LPAREN expression RPAREN statement .)
    $end            reduce using rule 20 (if_statement -> IF LPAREN expression RPAREN statement .)
    RBLOCK          reduce using rule 20 (if_statement -> IF LPAREN expression RPAREN statement .)
    ELSE            shift and go to state 112

  ! ELSE            [ reduce using rule 20 (if_statement -> IF LPAREN expression RPAREN statement .) ]


state 108

    (22) for_statement -> FOR LPAREN expression SEMICOLON expression . SEMICOLON expression RPAREN statement
    (35) expression -> expression . PLUS expression
    (36) expression -> expression . MINUS expression
    (37) expression -> expression . TIMES expression
    (38) expression -> expression . DIVIDE expression
    (39) expression -> expression . MODULE expression
    (40) expression -> expression . DOT expression
    (41) expression -> expression . ISEQUAL expression
    (42) expression -> expression . NOTISEQUAL expression
    (43) expression -> expression . GREATERTHAN expression
    (44) expression -> expression . LESSTHAN expression
    (45) expression -> expression . GREATERTHANEQUAL expression
    (46) expression -> expression . LESSEQUAL expression
    (47) expression -> expression . AND expression
    (48) expression -> expression . OR expression

    SEMICOLON       shift and go to state 113
    PLUS            shift and go to state 37
    MINUS           shift and go to state 38
    TIMES           shift and go to state 39
    DIVIDE          shift and go to state 40
    MODULE          shift and go to state 41
    DOT             shift and go to state 42
    ISEQUAL         shift and go to state 43
    NOTISEQUAL      shift and go to state 44
    GREATERTHAN     shift and go to state 45
    LESSTHAN        shift and go to state 46
    GREATERTHANEQUAL shift and go to state 47
    LESSEQUAL       shift and go to state 48
    AND             shift and go to state 49
    OR              shift and go to state 50


state 109

    (23) while_statement -> WHILE LPAREN expression RPAREN statement .

    PHP_CLOSE       reduce using rule 23 (while_statement -> WHILE LPAREN expression RPAREN statement .)
    RETURN          reduce using rule 23 (while_statement -> WHILE LPAREN expression RPAREN statement .)
    ID              reduce using rule 23 (while_statement -> WHILE LPAREN expression RPAREN statement .)
    VARIABLE        reduce using rule 23 (while_statement -> WHILE LPAREN expression RPAREN statement .)
    MINUS           reduce using rule 23 (while_statement -> WHILE LPAREN expression RPAREN statement .)
    INCREMENT       reduce using rule 23 (while_statement -> WHILE LPAREN expression RPAREN statement .)
    DECREMENT       reduce using rule 23 (while_statement -> WHILE LPAREN expression RPAREN statement .)
    LPAREN          reduce using rule 23 (while_statement -> WHILE LPAREN expression RPAREN statement .)
    NUMBER          reduce using rule 23 (while_statement -> WHILE LPAREN expression RPAREN statement .)
    STRING          reduce using rule 23 (while_statement -> WHILE LPAREN expression RPAREN statement .)
    BOOLEAN         reduce using rule 23 (while_statement -> WHILE LPAREN expression RPAREN statement .)
    IF              reduce using rule 23 (while_statement -> WHILE LPAREN expression RPAREN statement .)
    FOR             reduce using rule 23 (while_statement -> WHILE LPAREN expression RPAREN statement .)
    WHILE           reduce using rule 23 (while_statement -> WHILE LPAREN expression RPAREN statement .)
    FUNCTION        reduce using rule 23 (while_statement -> WHILE LPAREN expression RPAREN statement .)
    ECHO            reduce using rule 23 (while_statement -> WHILE LPAREN expression RPAREN statement .)
    PRINT           reduce using rule 23 (while_statement -> WHILE LPAREN expression RPAREN statement .)
    LBLOCK          reduce using rule 23 (while_statement -> WHILE LPAREN expression RPAREN statement .)
    PHP_OPEN        reduce using rule 23 (while_statement -> WHILE LPAREN expression RPAREN statement .)
    $end            reduce using rule 23 (while_statement -> WHILE LPAREN expression RPAREN statement .)
    RBLOCK          reduce using rule 23 (while_statement -> WHILE LPAREN expression RPAREN statement .)
    ELSE            reduce using rule 23 (while_statement -> WHILE LPAREN expression RPAREN statement .)


state 110

    (26) function_declaration -> FUNCTION ID LPAREN parameter_list RPAREN . block
    (19) block -> . LBLOCK statement_list RBLOCK

    LBLOCK          shift and go to state 31

    block                          shift and go to state 114

state 111

    (27) parameter_list -> parameter_list COMMA . VARIABLE

    VARIABLE        shift and go to state 115


state 112

    (21) if_statement -> IF LPAREN expression RPAREN statement ELSE . statement
    (10) statement -> . expression SEMICOLON
    (11) statement -> . if_statement
    (12) statement -> . for_statement
    (13) statement -> . while_statement
    (14) statement -> . function_declaration
    (15) statement -> . echo_statement
    (16) statement -> . print_statement
    (17) statement -> . block
    (18) statement -> . RETURN expression SEMICOLON
    (30) expression -> . ID LPAREN argument_list RPAREN
    (31) expression -> . VARIABLE LPAREN argument_list RPAREN
    (35) expression -> . expression PLUS expression
    (36) expression -> . expression MINUS expression
    (37) expression -> . expression TIMES expression
    (38) expression -> . expression DIVIDE expression
    (39) expression -> . expression MODULE expression
    (40) expression -> . expression DOT expression
    (41) expression -> . expression ISEQUAL expression
    (42) expression -> . expression NOTISEQUAL expression
    (43) expression -> . expression GREATERTHAN expression
    (44) expression -> . expression LESSTHAN expression
    (45) expression -> . expression GREATERTHANEQUAL expression
    (46) expression -> . expression LESSEQUAL expression
    (47) expression -> . expression AND expression
    (48) expression -> . expression OR expression
    (49) expression -> . MINUS expression
    (50) expression -> . VARIABLE INCREMENT
    (51) expression -> . VARIABLE DECREMENT
    (52) expression -> . INCREMENT VARIABLE
    (53) expression -> . DECREMENT VARIABLE
    (54) expression -> . LPAREN expression RPAREN
    (55) expression -> . NUMBER
    (56) expression -> . VARIABLE
    (57) expression -> . STRING
    (58) expression -> . BOOLEAN
    (59) expression -> . VARIABLE EQUAL expression
    (20) if_statement -> . IF LPAREN expression RPAREN statement
    (21) if_statement -> . IF LPAREN expression RPAREN statement ELSE statement
    (22) for_statement -> . FOR LPAREN expression SEMICOLON expression SEMICOLON expression RPAREN statement
    (23) while_statement -> . WHILE LPAREN expression RPAREN statement
    (26) function_declaration -> . FUNCTION ID LPAREN parameter_list RPAREN block
    (24) echo_statement -> . ECHO expression SEMICOLON
    (25) print_statement -> . PRINT expression SEMICOLON
    (19) block -> . LBLOCK statement_list RBLOCK

    RETURN          shift and go to state 15
    ID              shift and go to state 16
    VARIABLE        shift and go to state 18
    MINUS           shift and go to state 19
    INCREMENT       shift and go to state 20
    DECREMENT       shift and go to state 21
    LPAREN          shift and go to state 17
    NUMBER          shift and go to state 22
    STRING          shift and go to state 23
    BOOLEAN         shift and go to state 24
    IF              shift and go to state 25
    FOR             shift and go to state 26
    WHILE           shift and go to state 27
    FUNCTION        shift and go to state 28
    ECHO            shift and go to state 29
    PRINT           shift and go to state 30
    LBLOCK          shift and go to state 31

    expression                     shift and go to state 7
    statement                      shift and go to state 116
    if_statement                   shift and go to state 8
    for_statement                  shift and go to state 9
    while_statement                shift and go to state 10
    function_declaration           shift and go to state 11
    echo_statement                 shift and go to state 12
    print_statement                shift and go to state 13
    block                          shift and go to state 14

state 113

    (22) for_statement -> FOR LPAREN expression SEMICOLON expression SEMICOLON . expression RPAREN statement
    (30) expression -> . ID LPAREN argument_list RPAREN
    (31) expression -> . VARIABLE LPAREN argument_list RPAREN
    (35) expression -> . expression PLUS expression
    (36) expression -> . expression MINUS expression
    (37) expression -> . expression TIMES expression
    (38) expression -> . expression DIVIDE expression
    (39) expression -> . expression MODULE expression
    (40) expression -> . expression DOT expression
    (41) expression -> . expression ISEQUAL expression
    (42) expression -> . expression NOTISEQUAL expression
    (43) expression -> . expression GREATERTHAN expression
    (44) expression -> . expression LESSTHAN expression
    (45) expression -> . expression GREATERTHANEQUAL expression
    (46) expression -> . expression LESSEQUAL expression
    (47) expression -> . expression AND expression
    (48) expression -> . expression OR expression
    (49) expression -> . MINUS expression
    (50) expression -> . VARIABLE INCREMENT
    (51) expression -> . VARIABLE DECREMENT
    (52) expression -> . INCREMENT VARIABLE
    (53) expression -> . DECREMENT VARIABLE
    (54) expression -> . LPAREN expression RPAREN
    (55) expression -> . NUMBER
    (56) expression -> . VARIABLE
    (57) expression -> . STRING
    (58) expression -> . BOOLEAN
    (59) expression -> . VARIABLE EQUAL expression

    ID              shift and go to state 16
    VARIABLE        shift and go to state 18
    MINUS           shift and go to state 19
    INCREMENT       shift and go to state 20
    DECREMENT       shift and go to state 21
    LPAREN          shift and go to state 17
    NUMBER          shift and go to state 22
    STRING          shift and go to state 23
    BOOLEAN         shift and go to state 24

    expression                     shift and go to state 117

state 114

    (26) function_declaration -> FUNCTION ID LPAREN parameter_list RPAREN block .

    PHP_CLOSE       reduce using rule 26 (function_declaration -> FUNCTION ID LPAREN parameter_list RPAREN block .)
    RETURN          reduce using rule 26 (function_declaration -> FUNCTION ID LPAREN parameter_list RPAREN block .)
    ID              reduce using rule 26 (function_declaration -> FUNCTION ID LPAREN parameter_list RPAREN block .)
    VARIABLE        reduce using rule 26 (function_declaration -> FUNCTION ID LPAREN parameter_list RPAREN block .)
    MINUS           reduce using rule 26 (function_declaration -> FUNCTION ID LPAREN parameter_list RPAREN block .)
    INCREMENT       reduce using rule 26 (function_declaration -> FUNCTION ID LPAREN parameter_list RPAREN block .)
    DECREMENT       reduce using rule 26 (function_declaration -> FUNCTION ID LPAREN parameter_list RPAREN block .)
    LPAREN          reduce using rule 26 (function_declaration -> FUNCTION ID LPAREN parameter_list RPAREN block .)
    NUMBER          reduce using rule 26 (function_declaration -> FUNCTION ID LPAREN parameter_list RPAREN block .)
    STRING          reduce using rule 26 (function_declaration -> FUNCTION ID LPAREN parameter_list RPAREN block .)
    BOOLEAN         reduce using rule 26 (function_declaration -> FUNCTION ID LPAREN parameter_list RPAREN block .)
    IF              reduce using rule 26 (function_declaration -> FUNCTION ID LPAREN parameter_list RPAREN block .)
    FOR             reduce using rule 26 (function_declaration -> FUNCTION ID LPAREN parameter_list RPAREN block .)
    WHILE           reduce using rule 26 (function_declaration -> FUNCTION ID LPAREN parameter_list RPAREN block .)
    FUNCTION        reduce using rule 26 (function_declaration -> FUNCTION ID LPAREN parameter_list RPAREN block .)
    ECHO            reduce using rule 26 (function_declaration -> FUNCTION ID LPAREN parameter_list RPAREN block .)
    PRINT           reduce using rule 26 (function_declaration -> FUNCTION ID LPAREN parameter_list RPAREN block .)
    LBLOCK          reduce using rule 26 (function_declaration -> FUNCTION ID LPAREN parameter_list RPAREN block .)
    PHP_OPEN        reduce using rule 26 (function_declaration -> FUNCTION ID LPAREN parameter_list RPAREN block .)
    $end            reduce using rule 26 (function_declaration -> FUNCTION ID LPAREN parameter_list RPAREN block .)
    RBLOCK          reduce using rule 26 (function_declaration -> FUNCTION ID LPAREN parameter_list RPAREN block .)
    ELSE            reduce using rule 26 (function_declaration -> FUNCTION ID LPAREN parameter_list RPAREN block .)


state 115

    (27) parameter_list -> parameter_list COMMA VARIABLE .

    RPAREN          reduce using rule 27 (parameter_list -> parameter_list COMMA VARIABLE .)
    COMMA           reduce using rule 27 (parameter_list -> parameter_list COMMA VARIABLE .)


state 116

    (21) if_statement -> IF LPAREN expression RPAREN statement ELSE statement .

    PHP_CLOSE       reduce using rule 21 (if_statement -> IF LPAREN expression RPAREN statement ELSE statement .)
    RETURN          reduce using rule 21 (if_statement -> IF LPAREN expression RPAREN statement ELSE statement .)
    ID              reduce using rule 21 (if_statement -> IF LPAREN expression RPAREN statement ELSE statement .)
    VARIABLE        reduce using rule 21 (if_statement -> IF LPAREN expression RPAREN statement ELSE statement .)
    MINUS           reduce using rule 21 (if_statement -> IF LPAREN expression RPAREN statement ELSE statement .)
    INCREMENT       reduce using rule 21 (if_statement -> IF LPAREN expression RPAREN statement ELSE statement .)
    DECREMENT       reduce using rule 21 (if_statement -> IF LPAREN expression RPAREN statement ELSE statement .)
    LPAREN          reduce using rule 21 (if_statement -> IF LPAREN expression RPAREN statement ELSE statement .)
    NUMBER          reduce using rule 21 (if_statement -> IF LPAREN expression RPAREN statement ELSE statement .)
    STRING          reduce using rule 21 (if_statement -> IF LPAREN expression RPAREN statement ELSE statement .)
    BOOLEAN         reduce using rule 21 (if_statement -> IF LPAREN expression RPAREN statement ELSE statement .)
    IF              reduce using rule 21 (if_statement -> IF LPAREN expression RPAREN statement ELSE statement .)
    FOR             reduce using rule 21 (if_statement -> IF LPAREN expression RPAREN statement ELSE statement .)
    WHILE           reduce using rule 21 (if_statement -> IF LPAREN expression RPAREN statement ELSE statement .)
    FUNCTION        reduce using rule 21 (if_statement -> IF LPAREN expression RPAREN statement ELSE statement .)
    ECHO            reduce using rule 21 (if_statement -> IF LPAREN expression RPAREN statement ELSE statement .)
    PRINT           reduce using rule 21 (if_statement -> IF LPAREN expression RPAREN statement ELSE statement .)
    LBLOCK          reduce using rule 21 (if_statement -> IF LPAREN expression RPAREN statement ELSE statement .)
    PHP_OPEN        reduce using rule 21 (if_statement -> IF LPAREN expression RPAREN statement ELSE statement .)
    $end            reduce using rule 21 (if_statement -> IF LPAREN expression RPAREN statement ELSE statement .)
    RBLOCK          reduce using rule 21 (if_statement -> IF LPAREN expression RPAREN statement ELSE statement .)
    ELSE            reduce using rule 21 (if_statement -> IF LPAREN expression RPAREN statement ELSE statement .)


state 117

    (22) for_statement -> FOR LPAREN expression SEMICOLON expression SEMICOLON expression . RPAREN statement
    (35) expression -> expression . PLUS expression
    (36) expression -> expression . MINUS expression
    (37) expression -> expression . TIMES expression
    (38) expression -> expression . DIVIDE expression
    (39) expression -> expression . MODULE expression
    (40) expression -> expression . DOT expression
    (41) expression -> expression . ISEQUAL expression
    (42) expression -> expression . NOTISEQUAL expression
    (43) expression -> expression . GREATERTHAN expression
    (44) expression -> expression . LESSTHAN expression
    (45) expression -> expression . GREATERTHANEQUAL expression
    (46) expression -> expression . LESSEQUAL expression
    (47) expression -> expression . AND expression
    (48) expression -> expression . OR expression

    RPAREN          shift and go to state 118
    PLUS            shift and go to state 37
    MINUS           shift and go to state 38
    TIMES           shift and go to state 39
    DIVIDE          shift and go to state 40
    MODULE          shift and go to state 41
    DOT             shift and go to state 42
    ISEQUAL         shift and go to state 43
    NOTISEQUAL      shift and go to state 44
    GREATERTHAN     shift and go to state 45
    LESSTHAN        shift and go to state 46
    GREATERTHANEQUAL shift and go to state 47
    LESSEQUAL       shift and go to state 48
    AND             shift and go to state 49
    OR              shift and go to state 50


state 118

    (22) for_statement -> FOR LPAREN expression SEMICOLON expression SEMICOLON expression RPAREN . statement
    (10) statement -> . expression SEMICOLON
    (11) statement -> . if_statement
    (12) statement -> . for_statement
    (13) statement -> . while_statement
    (14) statement -> . function_declaration
    (15) statement -> . echo_statement
    (16) statement -> . print_statement
    (17) statement -> . block
    (18) statement -> . RETURN expression SEMICOLON
    (30) expression -> . ID LPAREN argument_list RPAREN
    (31) expression -> . VARIABLE LPAREN argument_list RPAREN
    (35) expression -> . expression PLUS expression
    (36) expression -> . expression MINUS expression
    (37) expression -> . expression TIMES expression
    (38) expression -> . expression DIVIDE expression
    (39) expression -> . expression MODULE expression
    (40) expression -> . expression DOT expression
    (41) expression -> . expression ISEQUAL expression
    (42) expression -> . expression NOTISEQUAL expression
    (43) expression -> . expression GREATERTHAN expression
    (44) expression -> . expression LESSTHAN expression
    (45) expression -> . expression GREATERTHANEQUAL expression
    (46) expression -> . expression LESSEQUAL expression
    (47) expression -> . expression AND expression
    (48) expression -> . expression OR expression
    (49) expression -> . MINUS expression
    (50) expression -> . VARIABLE INCREMENT
    (51) expression -> . VARIABLE DECREMENT
    (52) expression -> . INCREMENT VARIABLE
    (53) expression -> . DECREMENT VARIABLE
    (54) expression -> . LPAREN expression RPAREN
    (55) expression -> . NUMBER
    (56) expression -> . VARIABLE
    (57) expression -> . STRING
    (58) expression -> . BOOLEAN
    (59) expression -> . VARIABLE EQUAL expression
    (20) if_statement -> . IF LPAREN expression RPAREN statement
    (21) if_statement -> . IF LPAREN expression RPAREN statement ELSE statement
    (22) for_statement -> . FOR LPAREN expression SEMICOLON expression SEMICOLON expression RPAREN statement
    (23) while_statement -> . WHILE LPAREN expression RPAREN statement
    (26) function_declaration -> . FUNCTION ID LPAREN parameter_list RPAREN block
    (24) echo_statement -> . ECHO expression SEMICOLON
    (25) print_statement -> . PRINT expression SEMICOLON
    (19) block -> . LBLOCK statement_list RBLOCK

    RETURN          shift and go to state 15
    ID              shift and go to state 16
    VARIABLE        shift and go to state 18
    MINUS           shift and go to state 19
    INCREMENT       shift and go to state 20
    DECREMENT       shift and go to state 21
    LPAREN          shift and go to state 17
    NUMBER          shift and go to state 22
    STRING          shift and go to state 23
    BOOLEAN         shift and go to state 24
    IF              shift and go to state 25
    FOR             shift and go to state 26
    WHILE           shift and go to state 27
    FUNCTION        shift and go to state 28
    ECHO            shift and go to state 29
    PRINT           shift and go to state 30
    LBLOCK          shift and go to state 31

    expression                     shift and go to state 7
    statement                      shift and go to state 119
    if_statement                   shift and go to state 8
    for_statement                  shift and go to state 9
    while_statement                shift and go to state 10
    function_declaration           shift and go to state 11
    echo_statement                 shift and go to state 12
    print_statement                shift and go to state 13
    block                          shift and go to state 14

state 119

    (22) for_statement -> FOR LPAREN expression SEMICOLON expression SEMICOLON expression RPAREN statement .

    PHP_CLOSE       reduce using rule 22 (for_statement -> FOR LPAREN expression SEMICOLON expression SEMICOLON expression RPAREN statement .)
    RETURN          reduce using rule 22 (for_statement -> FOR LPAREN expression SEMICOLON expression SEMICOLON expression RPAREN statement .)
    ID              reduce using rule 22 (for_statement -> FOR LPAREN expression SEMICOLON expression SEMICOLON expression RPAREN statement .)
    VARIABLE        reduce using rule 22 (for_statement -> FOR LPAREN expression SEMICOLON expression SEMICOLON expression RPAREN statement .)
    MINUS           reduce using rule 22 (for_statement -> FOR LPAREN expression SEMICOLON expression SEMICOLON expression RPAREN statement .)
    INCREMENT       reduce using rule 22 (for_statement -> FOR LPAREN expression SEMICOLON expression SEMICOLON expression RPAREN statement .)
    DECREMENT       reduce using rule 22 (for_statement -> FOR LPAREN expression SEMICOLON expression SEMICOLON expression RPAREN statement .)
    LPAREN          reduce using rule 22 (for_statement -> FOR LPAREN expression SEMICOLON expression SEMICOLON expression RPAREN statement .)
    NUMBER          reduce using rule 22 (for_statement -> FOR LPAREN expression SEMICOLON expression SEMICOLON expression RPAREN statement .)
    STRING          reduce using rule 22 (for_statement -> FOR LPAREN expression SEMICOLON expression SEMICOLON expression RPAREN statement .)
    BOOLEAN         reduce using rule 22 (for_statement -> FOR LPAREN expression SEMICOLON expression SEMICOLON expression RPAREN statement .)
    IF              reduce using rule 22 (for_statement -> FOR LPAREN expression SEMICOLON expression SEMICOLON expression RPAREN statement .)
    FOR             reduce using rule 22 (for_statement -> FOR LPAREN expression SEMICOLON expression SEMICOLON expression RPAREN statement .)
    WHILE           reduce using rule 22 (for_statement -> FOR LPAREN expression SEMICOLON expression SEMICOLON expression RPAREN statement .)
    FUNCTION        reduce using rule 22 (for_statement -> FOR LPAREN expression SEMICOLON expression SEMICOLON expression RPAREN statement .)
    ECHO            reduce using rule 22 (for_statement -> FOR LPAREN expression SEMICOLON expression SEMICOLON expression RPAREN statement .)
    PRINT           reduce using rule 22 (for_statement -> FOR LPAREN expression SEMICOLON expression SEMICOLON expression RPAREN statement .)
    LBLOCK          reduce using rule 22 (for_statement -> FOR LPAREN expression SEMICOLON expression SEMICOLON expression RPAREN statement .)
    PHP_OPEN        reduce using rule 22 (for_statement -> FOR LPAREN expression SEMICOLON expression SEMICOLON expression RPAREN statement .)
    $end            reduce using rule 22 (for_statement -> FOR LPAREN expression SEMICOLON expression SEMICOLON expression RPAREN statement .)
    RBLOCK          reduce using rule 22 (for_statement -> FOR LPAREN expression SEMICOLON expression SEMICOLON expression RPAREN statement .)
    ELSE            reduce using rule 22 (for_statement -> FOR LPAREN expression SEMICOLON expression SEMICOLON expression RPAREN statement .)

WARNING: 
WARNING: Conflicts:
WARNING: 
WARNING: shift/reduce conflict for RETURN in state 5 resolved as shift
WARNING: shift/reduce conflict for ID in state 5 resolved as shift
WARNING: shift/reduce conflict for VARIABLE in state 5 resolved as shift
WARNING: shift/reduce conflict for MINUS in state 5 resolved as shift
WARNING: shift/reduce conflict for INCREMENT in state 5 resolved as shift
WARNING: shift/reduce conflict for DECREMENT in state 5 resolved as shift
WARNING: shift/reduce conflict for LPAREN in state 5 resolved as shift
WARNING: shift/reduce conflict for NUMBER in state 5 resolved as shift
WARNING: shift/reduce conflict for STRING in state 5 resolved as shift
WARNING: shift/reduce conflict for BOOLEAN in state 5 resolved as shift
WARNING: shift/reduce conflict for IF in state 5 resolved as shift
WARNING: shift/reduce conflict for FOR in state 5 resolved as shift
WARNING: shift/reduce conflict for WHILE in state 5 resolved as shift
WARNING: shift/reduce conflict for FUNCTION in state 5 resolved as shift
WARNING: shift/reduce conflict for ECHO in state 5 resolved as shift
WARNING: shift/reduce conflict for PRINT in state 5 resolved as shift
WARNING: shift/reduce conflict for LBLOCK in state 5 resolved as shift
WARNING: shift/reduce conflict for RETURN in state 33 resolved as shift
WARNING: shift/reduce conflict for ID in state 33 resolved as shift
WARNING: shift/reduce conflict for VARIABLE in state 33 resolved as shift
WARNING: shift/reduce conflict for MINUS in state 33 resolved as shift
WARNING: shift/reduce conflict for INCREMENT in state 33 resolved as shift
WARNING: shift/reduce conflict for DECREMENT in state 33 resolved as shift
WARNING: shift/reduce conflict for LPAREN in state 33 resolved as shift
WARNING: shift/reduce conflict for NUMBER in state 33 resolved as shift
WARNING: shift/reduce conflict for STRING in state 33 resolved as shift
WARNING: shift/reduce conflict for BOOLEAN in state 33 resolved as shift
WARNING: shift/reduce conflict for IF in state 33 resolved as shift
WARNING: shift/reduce conflict for FOR in state 33 resolved as shift
WARNING: shift/reduce conflict for WHILE in state 33 resolved as shift
WARNING: shift/reduce conflict for FUNCTION in state 33 resolved as shift
WARNING: shift/reduce conflict for ECHO in state 33 resolved as shift
WARNING: shift/reduce conflict for PRINT in state 33 resolved as shift
WARNING: shift/reduce conflict for LBLOCK in state 33 resolved as shift
